Rank;Sourceid;Title;Type;Issn;SJR;SJR Quartile;H index;Total Docs. (2023);Total Docs. (3years);Total Refs.;Total Cites (3years);Citable Docs. (3years);Cites / Doc. (2years);Ref. / Doc.;%Female;Overton;SDG;Country;Region;Publisher;Coverage;Categories;Areas
1;24721;"Annals of Mathematics";journal;"0003486X";7,154;Q1;137;32;98;1423;588;98;5,64;44,47;11,25;0;0;United States;Northern America;"Department of Mathematics at Princeton University";"1996-2023";"Mathematics (miscellaneous) (Q1); Statistics and Probability (Q1); Statistics, Probability and Uncertainty (Q1)";"Decision Sciences; Mathematics"
2;13649;"Annals of Statistics";journal;"00905364";5,335;Q1;192;97;446;5170;2128;442;3,72;53,30;21,15;0;1;United States;Northern America;"Institute of Mathematical Statistics";"1996-2023";"Statistics and Probability (Q1); Statistics, Probability and Uncertainty (Q1)";"Decision Sciences; Mathematics"
3;13531;"Journal of the Royal Statistical Society. Series B: Statistical Methodology";journal;"14679868, 13697412";4,330;Q1;151;87;195;2544;1078;169;2,56;29,24;23,29;0;5;United Kingdom;Western Europe;"Oxford University Press";"1997-2023";"Statistics and Probability (Q1); Statistics, Probability and Uncertainty (Q1)";"Decision Sciences; Mathematics"
4;12094;"Journal of the American Statistical Association";journal;"01621459, 1537274X";3,922;Q1;215;296;566;13000;2339;516;3,58;43,92;29,85;4;45;United Kingdom;Western Europe;"Taylor and Francis Ltd.";"1922-2023";"Statistics and Probability (Q1); Statistics, Probability and Uncertainty (Q1)";"Decision Sciences; Mathematics"
5;27162;"Journal of Business and Economic Statistics";journal;"07350015, 15372707";3,385;Q1;118;108;336;4683;1026;312;2,76;43,36;23,83;7;6;United Kingdom;Western Europe;"Taylor and Francis Ltd.";"1983-2023";"Economics and Econometrics (Q1); Social Sciences (miscellaneous) (Q1); Statistics and Probability (Q1); Statistics, Probability and Uncertainty (Q1)";"Decision Sciences; Economics, Econometrics and Finance; Mathematics; Social Sciences"
6;15049;"Biometrika";journal;"14643510, 00063444";3,358;Q1;132;52;220;1791;775;213;3,07;34,44;27,20;1;5;United Kingdom;Western Europe;"Oxford University Press";"1908-1913, 1945, 1947-1951, 1965-2023";"Agricultural and Biological Sciences (miscellaneous) (Q1); Applied Mathematics (Q1); Mathematics (miscellaneous) (Q1); Statistics and Probability (Q1); Statistics, Probability and Uncertainty (Q1)";"Agricultural and Biological Sciences; Decision Sciences; Mathematics"
7;21100887442;"Forum of Mathematics, Pi";journal;"20505086";3,266;Q1;20;29;54;1432;145;54;2,58;49,38;16,18;0;0;United Kingdom;Western Europe;"Cambridge University Press";"2013-2023";"Algebra and Number Theory (Q1); Analysis (Q1); Discrete Mathematics and Combinatorics (Q1); Geometry and Topology (Q1); Mathematical Physics (Q1); Statistics and Probability (Q1)";"Mathematics"
8;24724;"Annals of Probability";journal;"00911798";3,203;Q1;99;60;233;2403;606;233;2,19;40,05;15,04;0;2;United States;Northern America;"Institute of Mathematical Statistics";"1996-2023";"Statistics and Probability (Q1); Statistics, Probability and Uncertainty (Q1)";"Decision Sciences; Mathematics"
9;21100332429;"Annual Review of Statistics and Its Application";journal;"23268298, 2326831X";3,045;Q1;44;29;61;3050;628;61;9,22;105,17;24,00;1;3;United States;Northern America;"Annual Reviews Inc.";"2014-2023";"Statistics and Probability (Q1); Statistics, Probability and Uncertainty (Q1)";"Decision Sciences; Mathematics"
10;20969;"Journal of Machine Learning Research";journal;"15337928, 15324435";2,796;Q1;261;2;892;129;8472;892;5,56;64,50;25,00;0;0;United States;Northern America;"Microtome Publishing";"2001-2022";"Artificial Intelligence (Q1); Control and Systems Engineering (Q1); Software (Q1); Statistics and Probability (Q1)";"Computer Science; Engineering; Mathematics"
11;12137;"Journal of Statistical Software";journal;"15487660";2,709;Q1;174;32;185;1514;1188;184;5,36;47,31;26,13;0;2;United States;Northern America;"University of California at Los Angeles";"1996-2023";"Software (Q1); Statistics and Probability (Q1); Statistics, Probability and Uncertainty (Q1)";"Computer Science; Decision Sciences; Mathematics"
12;17945;"Bioinformatics";journal;"13674811, 13674803";2,574;Q1;462;873;2948;26831;17461;2932;4,60;30,73;29,69;1;143;United Kingdom;Western Europe;"Oxford University Press";"1985-2023";"Biochemistry (Q1); Computational Mathematics (Q1); Computational Theory and Mathematics (Q1); Computer Science Applications (Q1); Molecular Biology (Q1); Statistics and Probability (Q1)";"Biochemistry, Genetics and Molecular Biology; Computer Science; Mathematics"
13;12711;"Multivariate Behavioral Research";journal;"00273171, 15327906";2,351;Q1;97;97;187;5043;928;185;5,15;51,99;36,51;0;3;United States;Northern America;"Psychology Press Ltd";"1966-2023";"Arts and Humanities (miscellaneous) (Q1); Experimental and Cognitive Psychology (Q1); Medicine (miscellaneous) (Q1); Statistics and Probability (Q1)";"Arts and Humanities; Mathematics; Medicine; Psychology"
14;25829;"Probability Theory and Related Fields";journal;"01788051, 14322064";2,326;Q1;88;73;227;2646;444;225;1,65;36,25;15,56;0;0;Germany;Western Europe;"Springer New York";"1986-2023";"Analysis (Q1); Statistics and Probability (Q1); Statistics, Probability and Uncertainty (Q1)";"Decision Sciences; Mathematics"
15;14756;"Statistical Science";journal;"08834237";2,221;Q1;119;42;142;2438;552;140;3,84;58,05;26,73;0;1;United States;Northern America;"Institute of Mathematical Statistics";"1986-2023";"Mathematics (miscellaneous) (Q1); Statistics and Probability (Q1); Statistics, Probability and Uncertainty (Q1)";"Decision Sciences; Mathematics"
16;21100451321;"Scientific data";journal;"20524463";1,937;Q1;120;899;1482;45502;12101;136;5,91;50,61;34,69;19;315;United Kingdom;Western Europe;"Nature Publishing Group";"2014-2023";"Computer Science Applications (Q1); Education (Q1); Information Systems (Q1); Library and Information Sciences (Q1); Statistics and Probability (Q1); Statistics, Probability and Uncertainty (Q1)";"Computer Science; Decision Sciences; Mathematics; Social Sciences"
17;22902;"Oxford Bulletin of Economics and Statistics";journal;"03059049, 14680084";1,790;Q1;85;66;176;3381;596;176;2,37;51,23;21,95;6;23;United Kingdom;Western Europe;"Wiley-Blackwell Publishing Ltd";"1973-2023";"Economics and Econometrics (Q1); Social Sciences (miscellaneous) (Q1); Statistics and Probability (Q1); Statistics, Probability and Uncertainty (Q1)";"Decision Sciences; Economics, Econometrics and Finance; Mathematics; Social Sciences"
18;19900191610;"Bayesian Analysis";journal;"19316690, 19360975";1,761;Q1;65;46;136;2123;539;136;4,33;46,15;23,81;0;5;United States;Northern America;"Carnegie Mellon University";"2006-2023";"Applied Mathematics (Q1); Statistics and Probability (Q1)";"Mathematics"
19;21100198229;"Statistics Surveys";journal;"19357516";1,757;Q1;26;6;13;839;151;13;13,70;139,83;31,58;0;0;United States;Northern America;"Institute of Mathematical Statistics";"2007-2023";"Statistics and Probability (Q1); Statistics, Probability and Uncertainty (Q1)";"Decision Sciences; Mathematics"
20;12773;"British Journal of Mathematical and Statistical Psychology";journal;"00071102, 20448317";1,735;Q1;60;34;97;1425;318;97;2,21;41,91;40,00;0;2;United States;Northern America;"Wiley-Blackwell";"1965-2023";"Arts and Humanities (miscellaneous) (Q1); Medicine (miscellaneous) (Q1); Psychology (miscellaneous) (Q1); Statistics and Probability (Q1)";"Arts and Humanities; Mathematics; Medicine; Psychology"
21;24710;"Annals of Applied Probability";journal;"10505164";1,620;Q1;89;155;303;6472;569;303;1,61;41,75;15,43;0;2;United States;Northern America;"Institute of Mathematical Statistics";"1996-2023";"Statistics and Probability (Q1); Statistics, Probability and Uncertainty (Q1)";"Decision Sciences; Mathematics"
22;21100886430;"Forum of Mathematics, Sigma";journal;"20505094";1,610;Q1;23;113;260;4346;345;260;1,19;38,46;22,31;0;0;United Kingdom;Western Europe;"Cambridge University Press";"2013-2023";"Algebra and Number Theory (Q1); Analysis (Q1); Computational Mathematics (Q1); Discrete Mathematics and Combinatorics (Q1); Geometry and Topology (Q1); Mathematical Physics (Q1); Statistics and Probability (Q1); Theoretical Computer Science (Q1)";"Mathematics"
23;28632;"Biostatistics";journal;"14654644, 14684357";1,576;Q1;93;64;196;2388;496;195;2,20;37,31;29,36;0;29;United Kingdom;Western Europe;"Oxford University Press";"2003-2023";"Medicine (miscellaneous) (Q1); Statistics and Probability (Q1); Statistics, Probability and Uncertainty (Q1)";"Decision Sciences; Mathematics; Medicine"
24;23212;"Annales de l'institut Henri Poincare (B) Probability and Statistics";journal;"02460203";1,555;Q1;53;80;284;3155;423;284;1,39;39,44;13,66;0;1;Netherlands;Western Europe;"Institute of Mathematical Statistics";"1997-2023";"Statistics and Probability (Q1); Statistics, Probability and Uncertainty (Q1)";"Decision Sciences; Mathematics"
25;23863;"Journal of Computational and Graphical Statistics";journal;"10618600, 15372715";1,530;Q1;102;172;281;7096;691;273;2,03;41,26;27,75;0;15;United Kingdom;Western Europe;"Taylor and Francis Ltd.";"1992-2023";"Discrete Mathematics and Combinatorics (Q1); Statistics and Probability (Q1); Statistics, Probability and Uncertainty (Q1)";"Decision Sciences; Mathematics"
26;4700152871;"Bernoulli";journal;"13507265";1,522;Q1;76;135;333;5301;614;333;1,72;39,27;21,31;0;0;Netherlands;Western Europe;"Bernoulli Society for Mathematical Statistics and Probability";"1995-2023";"Statistics and Probability (Q1)";"Mathematics"
27;28861;"Biometrics";journal;"0006341X, 15410420";1,480;Q1;149;325;409;10338;831;389;1,82;31,81;36,59;1;94;United Kingdom;Western Europe;"Wiley-Blackwell Publishing Ltd";"1946-1951, 1965-2023";"Agricultural and Biological Sciences (miscellaneous) (Q1); Applied Mathematics (Q1); Biochemistry, Genetics and Molecular Biology (miscellaneous) (Q1); Immunology and Microbiology (miscellaneous)  (Q1); Medicine (miscellaneous) (Q1); Statistics and Probability (Q1)";"Agricultural and Biological Sciences; Biochemistry, Genetics and Molecular Biology; Immunology and Microbiology; Mathematics; Medicine"
28;21100797724;"Journal of Survey Statistics and Methodology";journal;"23250992, 23250984";1,480;Q1;24;43;158;1544;402;155;1,76;35,91;36,36;10;8;United States;Northern America;"Oxford University Press";"2013-2023";"Applied Mathematics (Q1); Social Sciences (miscellaneous) (Q1); Statistics and Probability (Q1); Statistics, Probability and Uncertainty (Q1)";"Decision Sciences; Mathematics; Social Sciences"
29;26398;"Electronic Journal of Probability";journal;"10836489";1,419;Q1;52;168;462;5978;584;462;1,21;35,58;16,01;0;1;United States;Northern America;"Institute of Mathematical Statistics";"1996-2023";"Statistics and Probability (Q1); Statistics, Probability and Uncertainty (Q1)";"Decision Sciences; Mathematics"
30;14189;"Statistica Sinica";journal;"10170405";1,368;Q1;86;118;312;3976;481;310;1,35;33,69;33,73;0;17;Taiwan;Asiatic Region;"Institute of Statistical Science";"1996-2023";"Statistics and Probability (Q1); Statistics, Probability and Uncertainty (Q1)";"Decision Sciences; Mathematics"
31;5100155103;"Journal of Informetrics";journal;"18755879, 17511577";1,355;Q1;90;82;266;4671;1126;264;4,01;56,96;33,19;0;13;Netherlands;Western Europe;"Elsevier B.V.";"2007-2023";"Applied Mathematics (Q1); Computer Science Applications (Q1); Library and Information Sciences (Q1); Management Science and Operations Research (Q1); Modeling and Simulation (Q1); Statistics and Probability (Q1)";"Computer Science; Decision Sciences; Mathematics; Social Sciences"
32;21100898787;"Stochastics and Partial Differential Equations: Analysis and Computations";journal;"2194041X, 21940401";1,349;Q1;19;67;92;2298;151;91;1,41;34,30;17,24;0;1;United States;Northern America;"Springer New York";"2013-2023";"Applied Mathematics (Q1); Modeling and Simulation (Q1); Statistics and Probability (Q1)";"Mathematics"
33;20086;"Statistics in Medicine";journal;"02776715, 10970258";1,348;Q1;216;308;1077;12190;2375;1009;1,99;39,58;36,92;2;106;United Kingdom;Western Europe;"John Wiley and Sons Ltd";"1982-2023";"Epidemiology (Q1); Statistics and Probability (Q1)";"Mathematics; Medicine"
34;21100829708;"Annales de l'Institut Henri Poincare (D) Combinatorics, Physics and their Interactions";journal;"23085835, 23085827";1,331;Q1;13;16;50;753;74;50;1,47;47,06;23,53;0;0;Germany;Western Europe;"European Mathematical Society Publishing House";"2014-2023";"Algebra and Number Theory (Q1); Discrete Mathematics and Combinatorics (Q1); Geometry and Topology (Q1); Statistical and Nonlinear Physics (Q1); Statistics and Probability (Q1)";"Mathematics; Physics and Astronomy"
35;21101053588;"SMAI Journal of Computational Mathematics";journal;"24268399";1,308;Q1;14;9;33;407;70;33;2,50;45,22;11,54;0;1;France;Western Europe;"SMAI French Society for Applied and Industrial Mathematics";"2015-2023";"Computational Mathematics (Q1); Modeling and Simulation (Q1); Numerical Analysis (Q1); Statistics and Probability (Q1)";"Mathematics"
36;21100926541;"Information and Inference";journal;"20498772";1,306;Q1;30;48;96;2215;200;96;1,87;46,15;15,09;0;1;United States;Northern America;"Oxford University Press";"2012-2023";"Analysis (Q1); Applied Mathematics (Q1); Computational Theory and Mathematics (Q1); Numerical Analysis (Q1); Statistics and Probability (Q1)";"Computer Science; Mathematics"
37;21100886542;"Journal of Management Analytics";journal;"23270039, 23270012";1,262;Q1;32;29;85;1772;688;85;5,56;61,10;38,96;0;9;United Kingdom;Western Europe;"Taylor and Francis Ltd.";"2014-2023";"Business, Management and Accounting (miscellaneous) (Q1); Statistics and Probability (Q1); Statistics, Probability and Uncertainty (Q1)";"Business, Management and Accounting; Decision Sciences; Mathematics"
38;19900192726;"Electronic Journal of Statistics";journal;"19357524";1,256;Q1;59;94;419;4143;499;418;1,04;44,07;24,89;0;5;United States;Northern America;"Institute of Mathematical Statistics";"2007-2023";"Statistics and Probability (Q1); Statistics, Probability and Uncertainty (Q1)";"Decision Sciences; Mathematics"
39;14231;"Statistical Methods in Medical Research";journal;"14770334, 09622802";1,235;Q1;104;148;564;5793;1336;550;1,93;39,14;37,15;0;41;United Kingdom;Western Europe;"SAGE Publications Ltd";"1992-2023";"Epidemiology (Q1); Health Information Management (Q1); Statistics and Probability (Q1)";"Health Professions; Mathematics; Medicine"
40;15424;"Measurement: Journal of the International Measurement Confederation";journal;"02632241";1,181;Q1;130;1426;4313;63720;25901;4306;5,89;44,68;26,67;0;181;Netherlands;Western Europe;"Elsevier B.V.";"1983-2023";"Applied Mathematics (Q1); Condensed Matter Physics (Q1); Education (Q1); Electrical and Electronic Engineering (Q1); Instrumentation (Q1); Statistics and Probability (Q1)";"Engineering; Mathematics; Physics and Astronomy; Social Sciences"
41;18400156705;"Set-Valued and Variational Analysis";journal;"18770541, 18770533";1,164;Q1;48;40;144;1199;246;138;1,46;29,98;25,32;0;0;Germany;Western Europe;"Springer Verlag";"2009-2023";"Analysis (Q1); Applied Mathematics (Q1); Geometry and Topology (Q1); Numerical Analysis (Q1); Statistics and Probability (Q1)";"Mathematics"
42;21100927405;"Advances in Statistical Climatology, Meteorology and Oceanography";journal;"23643587, 23643579";1,129;Q1;7;7;31;442;82;31;0,82;63,14;30,43;0;5;Germany;Western Europe;"Copernicus GmbH";"2019-2023";"Applied Mathematics (Q1); Oceanography (Q1); Statistics and Probability (Q1); Atmospheric Science (Q2)";"Earth and Planetary Sciences; Mathematics"
43;26929;"Stochastic Processes and their Applications";journal;"03044149";1,123;Q1;85;181;590;6315;867;590;1,10;34,89;21,73;0;1;Netherlands;Western Europe;"Elsevier B.V.";"1973-2023";"Applied Mathematics (Q1); Modeling and Simulation (Q1); Statistics and Probability (Q1)";"Mathematics"
44;28500;"Journal of Complexity";journal;"0885064X, 10902708";1,115;Q1;55;42;113;1277;184;111;1,87;30,40;20,65;0;1;United States;Northern America;"Academic Press Inc.";"1985-2024";"Algebra and Number Theory (Q1); Applied Mathematics (Q1); Control and Optimization (Q1); Mathematics (miscellaneous) (Q1); Numerical Analysis (Q1); Statistics and Probability (Q1)";"Mathematics"
45;14567;"Technometrics";journal;"15372723, 00401706";1,114;Q1;90;58;130;2442;391;121;2,86;42,10;28,57;0;7;United Kingdom;Western Europe;"Taylor and Francis Ltd.";"1959-2023";"Applied Mathematics (Q1); Modeling and Simulation (Q1); Statistics and Probability (Q1)";"Mathematics"
46;18111;"Insurance: Mathematics and Economics";journal;"01676687";1,113;Q1;86;64;321;2737;720;318;2,08;42,77;29,49;1;7;Netherlands;Western Europe;"Elsevier B.V.";"1982-2023";"Economics and Econometrics (Q1); Statistics and Probability (Q1); Statistics, Probability and Uncertainty (Q1)";"Decision Sciences; Economics, Econometrics and Finance; Mathematics"
47;21101021638;"Stochastic Systems";journal;"19465238";1,110;Q1;8;17;46;748;87;46;1,39;44,00;13,95;0;0;United States;Northern America;"INFORMS Institute for Operations Research and the Management Sciences";"2019-2023";"Management Science and Operations Research (Q1); Modeling and Simulation (Q1); Statistics and Probability (Q1); Statistics, Probability and Uncertainty (Q1)";"Decision Sciences; Mathematics"
48;21124;"Pharmaceutical Statistics";journal;"15391612, 15391604";1,074;Q1;46;80;266;2401;460;252;1,77;30,01;32,74;0;15;United Kingdom;Western Europe;"John Wiley and Sons Ltd";"2004-2023";"Pharmacology (Q1); Pharmacology (medical) (Q1); Statistics and Probability (Q1)";"Mathematics; Medicine; Pharmacology, Toxicology and Pharmaceutics"
49;21100199809;"Probability Surveys";journal;"15495787";1,054;Q1;42;0;24;0;51;24;1,50;0,00;0,00;0;0;United States;Northern America;"Institute of Mathematical Statistics";"2004-2022";"Statistics and Probability (Q1)";"Mathematics"
50;12068;"International Statistical Review";journal;"03067734, 17515823";1,048;Q1;62;31;122;1707;253;100;2,28;55,06;29,21;0;4;United States;Northern America;"John Wiley & Sons Inc.";"1982, 1985, 1987, 1990, 1992-1994, 1996-2023";"Statistics and Probability (Q1); Statistics, Probability and Uncertainty (Q1)";"Decision Sciences; Mathematics"
51;21100830444;"SIAM-ASA Journal on Uncertainty Quantification";journal;"21662525";1,043;Q1;37;46;168;2139;381;168;2,23;46,50;12,30;0;0;United States;Northern America;"Society for Industrial and Applied Mathematics Publications";"2013-2023";"Applied Mathematics (Q1); Discrete Mathematics and Combinatorics (Q1); Modeling and Simulation (Q1); Statistics and Probability (Q1); Statistics, Probability and Uncertainty (Q1)";"Decision Sciences; Mathematics"
52;19700186880;"Wiley Interdisciplinary Reviews: Computational Statistics";journal;"19395108, 19390068";1,043;Q1;54;33;88;2734;343;87;4,10;82,85;27,16;1;3;United States;Northern America;"John Wiley & Sons Inc.";"2009-2023";"Statistics and Probability (Q1)";"Mathematics"
53;21100913561;"Swiss Journal of Economics and Statistics";journal;"22356282";1,030;Q1;17;12;57;485;167;57;1,57;40,42;17,39;1;8;Switzerland;Western Europe;"Springer Nature";"2007-2023";"Statistics and Probability (Q1); Economics and Econometrics (Q2)";"Economics, Econometrics and Finance; Mathematics"
54;28070;"Combinatorics Probability and Computing";journal;"09635483, 14692163";1,016;Q1;56;44;118;1240;128;118;1,10;28,18;16,52;0;0;United Kingdom;Western Europe;"Cambridge University Press";"1992-2023";"Applied Mathematics (Q1); Computational Theory and Mathematics (Q1); Statistics and Probability (Q1); Theoretical Computer Science (Q2)";"Computer Science; Mathematics"
55;20088;"Vital and health statistics. Ser. 1: Programs and collection procedures";journal;"00832014, 23328401";1,013;Q1;18;4;9;0;20;9;2,38;0,00;53,85;0;1;United States;Northern America;"U.S. National Center for Health Statistics";"1963-1978, 1981, 1985-1987, 1989-1990, 1992-1994, 1997, 1999, 2002-2003, 2005, 2007-2015, 2017-2023";"Medicine (miscellaneous) (Q1); Statistics and Probability (Q1); Health Information Management (Q2)";"Health Professions; Mathematics; Medicine"
56;28461;"Computational Statistics and Data Analysis";journal;"01679473";1,008;Q1;132;156;509;6461;1139;509;1,78;41,42;34,87;0;17;Netherlands;Western Europe;"Elsevier B.V.";"1983-2024";"Applied Mathematics (Q1); Computational Mathematics (Q1); Computational Theory and Mathematics (Q1); Statistics and Probability (Q1)";"Computer Science; Mathematics"
57;13734;"Biometrical Journal";journal;"03233847, 15214036";0,996;Q1;75;110;300;4125;548;292;1,67;37,50;39,74;1;36;Germany;Western Europe;"Wiley-VCH Verlag";"1970, 1977-2023";"Medicine (miscellaneous) (Q1); Statistics and Probability (Q1); Statistics, Probability and Uncertainty (Q1)";"Decision Sciences; Mathematics; Medicine"
58;21100209501;"Statistics in Biopharmaceutical Research";journal;"19466315";0,978;Q1;25;121;196;3714;312;161;0,88;30,69;37,50;1;22;United Kingdom;Western Europe;"Taylor and Francis Ltd.";"2011-2023";"Pharmaceutical Science (Q1); Statistics and Probability (Q1)";"Mathematics; Pharmacology, Toxicology and Pharmaceutics"
59;20043;"Scandinavian Actuarial Journal";journal;"03461238, 16512030";0,967;Q1;44;56;124;1911;240;124;1,62;34,13;34,40;0;5;United Kingdom;Western Europe;"Taylor and Francis Ltd.";"1918-2023";"Statistics and Probability (Q1); Statistics, Probability and Uncertainty (Q1); Economics and Econometrics (Q2)";"Decision Sciences; Economics, Econometrics and Finance; Mathematics"
60;25802;"Communications in Analysis and Geometry";journal;"10198385";0,961;Q1;47;26;154;731;135;154;0,74;28,12;22,73;0;0;United States;Northern America;"International Press of Boston, Inc.";"1996-2022";"Analysis (Q1); Geometry and Topology (Q1); Statistics and Probability (Q1); Statistics, Probability and Uncertainty (Q1)";"Decision Sciences; Mathematics"
61;21100211345;"Annals of Applied Statistics";journal;"19417330, 19326157";0,954;Q1;84;159;324;7865;529;320;1,26;49,47;34,60;0;53;United States;Northern America;"Institute of Mathematical Statistics";"2008-2023";"Modeling and Simulation (Q1); Statistics and Probability (Q1); Statistics, Probability and Uncertainty (Q1)";"Decision Sciences; Mathematics"
62;23614;"Statistics and Computing";journal;"09603174, 15731375";0,923;Q1;85;142;287;6318;619;287;1,82;44,49;24,56;2;7;Netherlands;Western Europe;"Springer Netherlands";"1991-2023";"Computational Theory and Mathematics (Q1); Statistics and Probability (Q1); Statistics, Probability and Uncertainty (Q1); Theoretical Computer Science (Q2)";"Computer Science; Decision Sciences; Mathematics"
63;15495;"Finance and Stochastics";journal;"14321122, 09492984";0,922;Q1;52;29;82;961;130;80;1,37;33,14;22,03;0;1;Germany;Western Europe;"Springer Verlag";"2004-2023";"Finance (Q1); Statistics and Probability (Q1); Statistics, Probability and Uncertainty (Q1)";"Decision Sciences; Economics, Econometrics and Finance; Mathematics"
64;21101049065;"International Journal of Interactive Multimedia and Artificial Intelligence";journal;"19891660";0,904;Q1;23;63;194;2654;706;180;3,37;42,13;16,10;0;19;Spain;Western Europe;"Universidad Internacional de la Rioja";"2019-2023";"Statistics and Probability (Q1); Artificial Intelligence (Q2); Computer Networks and Communications (Q2); Computer Science Applications (Q2); Computer Vision and Pattern Recognition (Q2); Signal Processing (Q2)";"Computer Science; Mathematics"
65;14072;"Scandinavian Journal of Statistics";journal;"14679469, 03036898";0,892;Q1;70;95;172;3513;214;170;1,21;36,98;32,09;0;4;United Kingdom;Western Europe;"Wiley-Blackwell Publishing Ltd";"1996-2023";"Statistics and Probability (Q1); Statistics, Probability and Uncertainty (Q2)";"Decision Sciences; Mathematics"
66;12140;"Journal of Time Series Analysis";journal;"01439782, 14679892";0,875;Q2;61;49;134;1980;168;123;1,23;40,41;24,49;0;3;United States;Northern America;"Wiley-Blackwell";"1980-2023";"Applied Mathematics (Q1); Statistics and Probability (Q2); Statistics, Probability and Uncertainty (Q2)";"Decision Sciences; Mathematics"
67;21100945714;"Methods, Data, Analyses";journal;"21904936, 18646956";0,873;Q2;8;12;25;639;52;25;1,90;53,25;25,81;0;0;Germany;Western Europe;"GESIS - Leibniz Institute for the Social Sciences";"2019-2023";"Applied Mathematics (Q1); Modeling and Simulation (Q1); Applied Psychology (Q2); Computer Science Applications (Q2); Statistics and Probability (Q2); Statistics, Probability and Uncertainty (Q2)";"Computer Science; Decision Sciences; Mathematics; Psychology"
68;21100897526;"Journal of Causal Inference";journal;"21933685, 21933677";0,849;Q2;13;28;55;1344;87;54;1,74;48,00;22,86;0;3;Germany;Western Europe;"Walter de Gruyter GmbH";"2018-2023";"Statistics and Probability (Q2); Statistics, Probability and Uncertainty (Q2)";"Decision Sciences; Mathematics"
69;23947;"Journal of Multivariate Analysis";journal;"0047259X, 10957243";0,837;Q2;89;87;336;3280;547;334;1,61;37,70;25,91;0;6;United States;Northern America;"Academic Press Inc.";"1971-2024";"Numerical Analysis (Q2); Statistics and Probability (Q2); Statistics, Probability and Uncertainty (Q2)";"Decision Sciences; Mathematics"
70;21101113590;"Foundations of Data Science";journal;"26398001";0,822;Q2;10;21;67;950;143;66;1,75;45,24;26,87;0;1;United States;Northern America;"American Institute of Mathematical Sciences";"2019-2023";"Analysis (Q1); Applied Mathematics (Q2); Computational Theory and Mathematics (Q2); Statistics and Probability (Q2)";"Computer Science; Mathematics"
71;23035;"Journal of Biopharmaceutical Statistics";journal;"10543406, 15205711";0,812;Q2;56;110;203;3340;285;189;1,07;30,36;41,32;1;23;United States;Northern America;"Taylor and Francis Ltd.";"1991-2023";"Pharmacology (Q2); Pharmacology (medical) (Q2); Statistics and Probability (Q2)";"Mathematics; Medicine; Pharmacology, Toxicology and Pharmaceutics"
72;21100379294;"Operations Research Perspectives";journal;"22147160";0,809;Q2;31;32;97;1360;453;97;4,37;42,50;26,04;0;7;Netherlands;Western Europe;"Elsevier B.V.";"2014-2023";"Control and Optimization (Q1); Management Science and Operations Research (Q2); Statistics and Probability (Q2); Strategy and Management (Q2)";"Business, Management and Accounting; Decision Sciences; Mathematics"
73;21100855841;"Physical Review E";journal;"24700045, 24700053";0,805;Q2;325;1629;5714;85173;13515;5707;2,27;52,29;18,77;0;81;United States;Northern America;"American Physical Society";"1993-2023";"Condensed Matter Physics (Q1); Statistical and Nonlinear Physics (Q2); Statistics and Probability (Q2)";"Mathematics; Physics and Astronomy"
74;21100206605;"Spatial Statistics";journal;"22116753";0,805;Q2;37;66;242;2786;564;237;2,38;42,21;31,22;0;16;Netherlands;Western Europe;"Elsevier B.V.";"2012-2023";"Computers in Earth Sciences (Q2); Management, Monitoring, Policy and Law (Q2); Statistics and Probability (Q2)";"Earth and Planetary Sciences; Environmental Science; Mathematics"
75;21100231200;"Alea";journal;"19800436";0,802;Q2;18;40;161;1062;116;161;0,65;26,55;15,85;0;0;Brazil;Latin America;"Instituto Nacional de Matematica Pura e Aplicada";"2011-2023";"Statistics and Probability (Q2)";"Mathematics"
76;23213;"Annals of the Institute of Statistical Mathematics";journal;"00203157, 15729052";0,791;Q2;50;45;151;1503;183;147;1,01;33,40;32,32;0;2;Netherlands;Western Europe;"Springer Netherlands";"1949-1957, 1959-2023";"Statistics and Probability (Q2)";"Mathematics"
77;13530;"Journal of the Royal Statistical Society. Series A: Statistics in Society";journal;"09641998, 1467985X";0,775;Q2;94;53;334;1366;515;306;1,20;25,77;28,26;1;25;United Kingdom;Western Europe;"Oxford University Press";"1988-2023";"Social Sciences (miscellaneous) (Q1); Economics and Econometrics (Q2); Statistics and Probability (Q2); Statistics, Probability and Uncertainty (Q2)";"Decision Sciences; Economics, Econometrics and Finance; Mathematics; Social Sciences"
78;14882;"Test";journal;"11330686, 18638260";0,773;Q2;49;84;154;2892;226;138;1,20;34,43;30,27;0;3;United States;Northern America;"Springer New York";"1988, 1992-2023";"Statistics and Probability (Q2); Statistics, Probability and Uncertainty (Q2)";"Decision Sciences; Mathematics"
79;5700165208;"Journal of Physics A: Mathematical and Theoretical";journal;"17518113, 17518121";0,769;Q2;167;495;1763;23313;3669;1758;2,08;47,10;17,90;0;10;United Kingdom;Western Europe;"IOP Publishing Ltd.";"2007-2023";"Physics and Astronomy (miscellaneous) (Q1); Mathematical Physics (Q2); Modeling and Simulation (Q2); Statistical and Nonlinear Physics (Q2); Statistics and Probability (Q2)";"Mathematics; Physics and Astronomy"
80;19124;"Queueing Systems";journal;"15729443, 02570130";0,762;Q2;58;36;227;1082;187;110;0,65;30,06;23,29;0;1;Netherlands;Western Europe;"Springer Netherlands";"1986-2023";"Computational Theory and Mathematics (Q2); Computer Science Applications (Q2); Management Science and Operations Research (Q2); Statistics and Probability (Q2)";"Computer Science; Decision Sciences; Mathematics"
81;21100255423;"R Journal";journal;"20734859";0,758;Q2;60;50;236;1775;500;233;2,14;35,50;24,31;0;2;United States;Northern America;"R Foundation for Statistical Computing";"2009-2023";"Numerical Analysis (Q2); Statistics and Probability (Q2); Statistics, Probability and Uncertainty (Q2)";"Decision Sciences; Mathematics"
82;19372;"Quality and Quantity";journal;"00335177, 15737845";0,743;Q2;78;415;408;25793;1746;401;4,67;62,15;38,05;2;151;Netherlands;Western Europe;"Springer Netherlands";"1967-2023";"Social Sciences (miscellaneous) (Q1); Statistics and Probability (Q2)";"Mathematics; Social Sciences"
83;13533;"Journal of the Royal Statistical Society. Series C: Applied Statistics";journal;"00359254, 14679876";0,739;Q2;80;82;208;3152;333;208;1,10;38,44;33,19;0;20;United Kingdom;Western Europe;"Oxford University Press";"1981, 1983-1991, 1993, 1996-2023";"Statistics and Probability (Q2); Statistics, Probability and Uncertainty (Q2)";"Decision Sciences; Mathematics"
84;12136;"Journal of Statistical Planning and Inference";journal;"03783758";0,736;Q2;86;56;303;1817;349;303;1,05;32,45;26,56;0;2;Netherlands;Western Europe;"Elsevier B.V.";"1977-2024";"Applied Mathematics (Q2); Statistics and Probability (Q2); Statistics, Probability and Uncertainty (Q2)";"Decision Sciences; Mathematics"
85;21100889419;"Annals of Actuarial Science";journal;"17484995, 17485002";0,730;Q2;18;24;78;932;117;74;1,57;38,83;22,73;0;6;United Kingdom;Western Europe;"Cambridge University Press";"2011, 2015-2023";"Economics and Econometrics (Q2); Statistics and Probability (Q2); Statistics, Probability and Uncertainty (Q2)";"Decision Sciences; Economics, Econometrics and Finance; Mathematics"
86;8600153118;"Mathematics and Financial Economics";journal;"18629679";0,727;Q2;29;26;81;908;134;80;1,69;34,92;33,33;0;8;Germany;Western Europe;"Springer Verlag";"2007-2023";"Finance (Q2); Statistics and Probability (Q2); Statistics, Probability and Uncertainty (Q2)";"Decision Sciences; Economics, Econometrics and Finance; Mathematics"
87;21100853526;"ACM Transactions on Economics and Computation";journal;"21678375, 21678383";0,724;Q2;23;17;60;734;133;55;2,29;43,18;20,00;0;1;United States;Northern America;"Association for Computing Machinery (ACM)";"2013-2023";"Computer Science (miscellaneous) (Q1); Computational Mathematics (Q2); Economics and Econometrics (Q2); Marketing (Q2); Statistics and Probability (Q2)";"Business, Management and Accounting; Computer Science; Economics, Econometrics and Finance; Mathematics"
88;21100415545;"International Journal for Uncertainty Quantification";journal;"21525080, 21525099";0,715;Q2;27;20;82;929;159;79;1,58;46,45;17,86;0;2;United States;Northern America;"Begell House Inc.";"2014-2023";"Discrete Mathematics and Combinatorics (Q1); Control and Optimization (Q2); Modeling and Simulation (Q2); Statistics and Probability (Q2)";"Mathematics"
89;20642;"Empirical Economics";journal;"14358921, 03777332";0,704;Q2;68;243;687;11883;2096;682;3,40;48,90;24,86;20;133;Germany;Western Europe;"Physica-Verlag";"1976-2023";"Mathematics (miscellaneous) (Q1); Social Sciences (miscellaneous) (Q1); Economics and Econometrics (Q2); Statistics and Probability (Q2)";"Economics, Econometrics and Finance; Mathematics; Social Sciences"
90;19600157009;"North American Actuarial Journal";journal;"10920277";0,692;Q2;51;64;130;2867;202;117;1,41;44,80;26,90;0;9;United Kingdom;Western Europe;"Taylor and Francis Ltd.";"1997-2023";"Economics and Econometrics (Q2); Statistics and Probability (Q2); Statistics, Probability and Uncertainty (Q2)";"Decision Sciences; Economics, Econometrics and Finance; Mathematics"
91;21100836195;"Econometrics and Statistics";journal;"24523062";0,690;Q2;16;88;180;3820;249;173;1,33;43,41;27,59;2;8;Netherlands;Western Europe;"Elsevier B.V.";"2017-2023";"Economics and Econometrics (Q2); Statistics and Probability (Q2); Statistics, Probability and Uncertainty (Q2)";"Decision Sciences; Economics, Econometrics and Finance; Mathematics"
92;28501;"Journal of Mathematical Imaging and Vision";journal;"09249907, 15737683";0,684;Q2;81;48;197;2167;397;192;1,35;45,15;23,24;0;0;Netherlands;Western Europe;"Springer Netherlands";"1992-2023";"Applied Mathematics (Q2); Computer Vision and Pattern Recognition (Q2); Condensed Matter Physics (Q2); Geometry and Topology (Q2); Modeling and Simulation (Q2); Statistics and Probability (Q2)";"Computer Science; Mathematics; Physics and Astronomy"
93;21101065510;"Data-Centric Engineering";journal;"26326736";0,676;Q2;11;29;68;1608;286;67;2,94;55,45;21,90;0;6;United Kingdom;Western Europe;"Cambridge University Press";"2020-2023";"Engineering (miscellaneous) (Q1); Applied Mathematics (Q2); Computer Science Applications (Q2); Statistics and Probability (Q2)";"Computer Science; Engineering; Mathematics"
94;13631;"American Statistician";journal;"00031305, 15372731";0,675;Q2;97;71;159;2229;297;135;1,93;31,39;27,75;0;7;United Kingdom;Western Europe;"Taylor and Francis Ltd.";"1947-2023";"Mathematics (miscellaneous) (Q1); Statistics and Probability (Q2); Statistics, Probability and Uncertainty (Q2)";"Decision Sciences; Mathematics"
95;21100901137;"Journal of Statistical Distributions and Applications";journal;"21955832";0,663;Q2;19;0;23;0;87;23;3,69;0,00;0,00;0;0;Germany;Western Europe;"SpringerOpen";"2014-2015, 2017-2021";"Computer Science Applications (Q2); Statistics and Probability (Q2); Statistics, Probability and Uncertainty (Q2)";"Computer Science; Decision Sciences; Mathematics"
96;19700186871;"Transactions on Data Privacy";journal;"18885063, 20131631";0,662;Q2;28;9;20;459;40;20;1,25;51,00;38,10;0;1;Spain;Western Europe;"University of Skovde";"2009-2023";"Software (Q2); Statistics and Probability (Q2)";"Computer Science; Mathematics"
97;21100941752;"Advanced Theory and Simulations";journal;"25130390";0,661;Q2;39;204;530;10734;1694;526;3,03;52,62;26,46;1;55;Germany;Western Europe;"Wiley-VCH Verlag";"2018-2023";"Multidisciplinary (Q1); Modeling and Simulation (Q2); Numerical Analysis (Q2); Statistics and Probability (Q2)";"Mathematics; Multidisciplinary"
98;29115;"Physica A: Statistical Mechanics and its Applications";journal;"03784371";0,661;Q2;187;799;3060;37911;10379;3038;3,10;47,45;30,59;0;202;Netherlands;Western Europe;"Elsevier B.V.";"1975-2023";"Condensed Matter Physics (Q2); Statistical and Nonlinear Physics (Q2); Statistics and Probability (Q2)";"Mathematics; Physics and Astronomy"
99;14233;"Statistical Papers";journal;"09325026, 16139798";0,659;Q2;46;186;318;6548;483;316;1,56;35,20;33,10;1;13;United States;Northern America;"Springer New York";"1983, 1988-2023";"Statistics and Probability (Q2); Statistics, Probability and Uncertainty (Q2)";"Decision Sciences; Mathematics"
100;21100455415;"Regional Statistics";journal;"20648243, 20639538";0,654;Q2;19;40;84;1930;285;84;3,27;48,25;26,44;0;31;Hungary;Eastern Europe;"Hungarian Central Statistical Office";"2015-2023";"Cultural Studies (Q1); Geography, Planning and Development (Q1); Economics and Econometrics (Q2); Public Administration (Q2); Statistics and Probability (Q2)";"Economics, Econometrics and Finance; Mathematics; Social Sciences"
101;21101020132;"Fractal and Fractional";journal;"25043110";0,645;Q2;33;887;1086;36037;4207;1073;3,86;40,63;28,06;0;104;Switzerland;Western Europe;"Multidisciplinary Digital Publishing Institute (MDPI)";"2017-2023";"Analysis (Q2); Statistical and Nonlinear Physics (Q2); Statistics and Probability (Q2)";"Mathematics; Physics and Astronomy"
102;24568;"Advances in Applied Probability";journal;"00018678, 14756064";0,640;Q2;63;56;122;1850;149;122;0,92;33,04;25,23;0;2;United Kingdom;Western Europe;"Cambridge University Press";"1969-1971, 1973-1976, 1984, 1996-2023";"Applied Mathematics (Q2); Statistics and Probability (Q2)";"Mathematics"
103;24562;"Mathematical Biosciences";journal;"00255564, 18793134";0,639;Q2;109;79;195;4176;633;192;2,20;52,86;35,43;1;38;United States;Northern America;"Elsevier Inc.";"1967-2023";"Agricultural and Biological Sciences (miscellaneous) (Q1); Applied Mathematics (Q2); Biochemistry, Genetics and Molecular Biology (miscellaneous) (Q2); Immunology and Microbiology (miscellaneous)  (Q2); Medicine (miscellaneous) (Q2); Modeling and Simulation (Q2); Statistics and Probability (Q2)";"Agricultural and Biological Sciences; Biochemistry, Genetics and Molecular Biology; Immunology and Microbiology; Mathematics; Medicine"
104;11700154400;"TOP";journal;"11345764, 18638279";0,631;Q2;31;32;103;1161;192;91;1,90;36,28;27,66;0;2;Germany;Western Europe;"";"1993-1996, 2003, 2007-2023";"Discrete Mathematics and Combinatorics (Q2); Information Systems and Management (Q2); Management Science and Operations Research (Q2); Modeling and Simulation (Q2); Statistics and Probability (Q2)";"Decision Sciences; Mathematics"
105;21564;"Environmetrics";journal;"1099095X, 11804009";0,628;Q2;68;62;138;2874;202;130;1,44;46,35;31,25;0;18;United Kingdom;Western Europe;"John Wiley and Sons Ltd";"1990-2023";"Ecological Modeling (Q2); Statistics and Probability (Q2)";"Environmental Science; Mathematics"
106;19700177406;"Dynamic Games and Applications";journal;"21530785, 21530793";0,627;Q2;29;84;135;3494;263;131;2,02;41,60;18,23;0;6;United States;Northern America;"Springer Science + Business Media";"2011-2023";"Applied Mathematics (Q2); Computational Mathematics (Q2); Computational Theory and Mathematics (Q2); Computer Graphics and Computer-Aided Design (Q2); Computer Science Applications (Q2); Economics and Econometrics (Q2); Statistics and Probability (Q2)";"Computer Science; Economics, Econometrics and Finance; Mathematics"
107;21100446929;"European Actuarial Journal";journal;"21909741, 21909733";0,625;Q2;19;40;99;1304;107;77;0,76;32,60;19,28;0;8;Switzerland;Western Europe;"Springer International Publishing AG";"2011-2023";"Economics and Econometrics (Q2); Statistics and Probability (Q2); Statistics, Probability and Uncertainty (Q2)";"Decision Sciences; Economics, Econometrics and Finance; Mathematics"
108;21101046170;"Journal of Statistics and Data Science Education";journal;"26939169";0,606;Q2;37;45;108;1704;254;95;2,39;37,87;53,33;0;6;United Kingdom;Western Europe;"Taylor and Francis Ltd.";"2021-2023";"Education (Q2); Management Science and Operations Research (Q2); Statistics and Probability (Q2)";"Decision Sciences; Mathematics; Social Sciences"
109;23179;"Environmental and Ecological Statistics";journal;"13528505, 15733009";0,605;Q2;53;37;112;1552;391;106;3,25;41,95;34,40;0;12;Netherlands;Western Europe;"Springer Netherlands";"1994-2023";"Environmental Science (miscellaneous) (Q2); Statistics and Probability (Q2); Statistics, Probability and Uncertainty (Q2)";"Decision Sciences; Environmental Science; Mathematics"
110;26928;"Stochastic Analysis and Applications";journal;"15329356, 07362994";0,599;Q2;41;54;155;1697;240;155;1,39;31,43;26,80;0;4;United States;Northern America;"Taylor and Francis Ltd.";"1983-2023";"Applied Mathematics (Q2); Statistics and Probability (Q2); Statistics, Probability and Uncertainty (Q2)";"Decision Sciences; Mathematics"
111;26386;"Electronic Communications in Probability";journal;"1083589X";0,595;Q2;38;61;214;1101;130;214;0,51;18,05;19,23;0;1;United States;Northern America;"Institute of Mathematical Statistics";"1996-2023";"Statistics and Probability (Q2); Statistics, Probability and Uncertainty (Q2)";"Decision Sciences; Mathematics"
112;5200152822;"Advances in Data Analysis and Classification";journal;"18625347, 18625355";0,594;Q2;39;72;127;2891;223;118;1,49;40,15;32,99;0;3;Germany;Western Europe;"Springer Verlag";"2007-2023";"Applied Mathematics (Q2); Computer Science Applications (Q2); Statistics and Probability (Q2)";"Computer Science; Mathematics"
113;21100825516;"Random Matrices: Theory and Application";journal;"20103263, 20103271";0,593;Q2;20;26;107;815;101;106;0,96;31,35;29,17;0;0;Singapore;Asiatic Region;"World Scientific";"2012-2023";"Algebra and Number Theory (Q2); Discrete Mathematics and Combinatorics (Q2); Statistics and Probability (Q2); Statistics, Probability and Uncertainty (Q2)";"Decision Sciences; Mathematics"
114;23978;"Journal of Theoretical Probability";journal;"15729230, 08949840";0,588;Q2;43;122;279;3486;230;279;0,79;28,57;21,76;0;0;United States;Northern America;"Springer New York";"1988-2023";"Mathematics (miscellaneous) (Q2); Statistics and Probability (Q2); Statistics, Probability and Uncertainty (Q2)";"Decision Sciences; Mathematics"
115;21100888787;"Annals of Economics and Statistics";journal;"21154430, 19683863";0,576;Q2;6;16;61;636;29;58;0,41;39,75;38,46;0;9;France;Western Europe;"Groupe des ecoles nationales d'economie et statistique";"2018-2023";"Social Sciences (miscellaneous) (Q1); Economics and Econometrics (Q2); Statistics and Probability (Q2); Statistics, Probability and Uncertainty (Q2)";"Decision Sciences; Economics, Econometrics and Finance; Mathematics; Social Sciences"
116;14188;"Statistica Neerlandica";journal;"00390402, 14679574";0,575;Q2;43;46;74;1306;120;69;1,56;28,39;22,12;0;2;United Kingdom;Western Europe;"Wiley-Blackwell Publishing Ltd";"1946, 1948-2023";"Statistics and Probability (Q2); Statistics, Probability and Uncertainty (Q2)";"Decision Sciences; Mathematics"
117;28930;"Computational Statistics";journal;"09434062";0,566;Q2;51;184;334;6217;568;327;1,59;33,79;25,72;0;13;Germany;Western Europe;"Springer Verlag";"1996-2023";"Computational Mathematics (Q2); Statistics and Probability (Q2); Statistics, Probability and Uncertainty (Q2)";"Decision Sciences; Mathematics"
118;29663;"Journal of Theoretical Biology";journal;"10958541, 00225193";0,553;Q2;173;196;740;10076;1461;729;1,99;51,41;30,33;2;97;United States;Northern America;"Academic Press";"1961-2023";"Agricultural and Biological Sciences (miscellaneous) (Q2); Applied Mathematics (Q2); Biochemistry, Genetics and Molecular Biology (miscellaneous) (Q2); Immunology and Microbiology (miscellaneous)  (Q2); Medicine (miscellaneous) (Q2); Modeling and Simulation (Q2); Statistics and Probability (Q2)";"Agricultural and Biological Sciences; Biochemistry, Genetics and Molecular Biology; Immunology and Microbiology; Mathematics; Medicine"
119;23838;"Journal of Applied Probability";journal;"00219002";0,551;Q2;62;113;198;2975;186;198;0,88;26,33;20,92;0;4;United Kingdom;Western Europe;"Cambridge University Press";"1975-1979, 1981-1990, 1995-2023";"Mathematics (miscellaneous) (Q2); Statistics and Probability (Q2); Statistics, Probability and Uncertainty (Q2)";"Decision Sciences; Mathematics"
120;12134;"Journal of Official Statistics";journal;"0282423X";0,549;Q2;32;26;123;980;120;117;0,59;37,69;34,92;2;3;Sweden;Western Europe;"Statistics Sweden";"1986-1989, 1991, 2009-2023";"Statistics and Probability (Q2)";"Mathematics"
121;12119;"Journal of Applied Statistics";journal;"02664763, 13600532";0,545;Q2;69;248;546;8644;995;529;1,60;34,85;30,53;2;72;United Kingdom;Western Europe;"Routledge";"1970-1971, 1973-2023";"Statistics and Probability (Q2); Statistics, Probability and Uncertainty (Q2)";"Decision Sciences; Mathematics"
122;12837;"Metrika";journal;"1435926X, 00261335";0,535;Q2;46;65;141;2032;153;141;1,15;31,26;28,85;0;6;Germany;Western Europe;"Springer Verlag";"1958-2023";"Statistics and Probability (Q2); Statistics, Probability and Uncertainty (Q2)";"Decision Sciences; Mathematics"
123;4000152132;"International Journal of Biostatistics";journal;"15574679";0,534;Q2;44;46;82;1908;128;82;1,46;41,48;33,33;0;15;Germany;Western Europe;"Walter de Gruyter GmbH";"2006-2023";"Medicine (miscellaneous) (Q2); Statistics and Probability (Q2); Statistics, Probability and Uncertainty (Q2)";"Decision Sciences; Mathematics; Medicine"
124;21101021576;"Journal of Finance and Data Science";journal;"24059188";0,528;Q2;20;22;34;929;126;33;3,86;42,23;32,20;0;6;China;Asiatic Region;"KeAi Communications Co.";"2015-2023";"Applied Mathematics (Q2); Business, Management and Accounting (miscellaneous) (Q2); Computer Science Applications (Q2); Economics and Econometrics (Q2); Finance (Q2); Statistics and Probability (Q2)";"Business, Management and Accounting; Computer Science; Economics, Econometrics and Finance; Mathematics"
125;21101134735;"Data Science";journal;"24518484, 24518492";0,527;Q2;11;2;34;99;98;33;1,74;49,50;25,00;0;0;Netherlands;Western Europe;"IOS Press BV";"2021-2022";"Computational Mathematics (Q2); Computer Science (miscellaneous) (Q2); Information Systems (Q2); Modeling and Simulation (Q2); Statistics and Probability (Q2); Artificial Intelligence (Q3)";"Computer Science; Mathematics"
126;15654;"Journal of Agricultural, Biological, and Environmental Statistics";journal;"10857117, 15372693";0,526;Q2;57;65;108;2455;174;106;1,40;37,77;33,75;0;17;United States;Northern America;"Springer New York";"1996-2023";"Agricultural and Biological Sciences (miscellaneous) (Q2); Applied Mathematics (Q2); Environmental Science (miscellaneous) (Q2); Statistics and Probability (Q2); Statistics, Probability and Uncertainty (Q2)";"Agricultural and Biological Sciences; Decision Sciences; Environmental Science; Mathematics"
127;21100934093;"Journal of Econometric Methods";journal;"21566674";0,525;Q2;14;14;33;401;34;33;1,16;28,64;10,00;2;2;Germany;Western Europe;"Walter de Gruyter GmbH";"2012-2013, 2015-2023";"Applied Mathematics (Q2); Economics and Econometrics (Q2); Statistics and Probability (Q2)";"Economics, Econometrics and Finance; Mathematics"
128;145213;"Extremes";journal;"13861999";0,521;Q2;37;28;85;1122;97;84;1,05;40,07;20,90;0;0;Netherlands;Western Europe;"Springer Netherlands";"2004-2023";"Economics, Econometrics and Finance (miscellaneous) (Q1); Engineering (miscellaneous) (Q2); Statistics and Probability (Q2)";"Economics, Econometrics and Finance; Engineering; Mathematics"
129;21101093023;"Probability, Uncertainty and Quantitative Risk";journal;"23670126, 20959672";0,516;Q2;11;24;48;673;53;47;0,95;28,04;30,91;0;0;United States;Northern America;"American Institute of Mathematical Sciences";"2016-2023";"Applied Mathematics (Q2); Statistics and Probability (Q2); Statistics, Probability and Uncertainty (Q3)";"Decision Sciences; Mathematics"
130;23559;"Journal of Statistical Computation and Simulation";journal;"15635163, 00949655";0,510;Q2;65;191;536;6399;785;536;1,36;33,50;29,40;0;10;United Kingdom;Western Europe;"Taylor and Francis Ltd.";"1972-2023";"Applied Mathematics (Q2); Modeling and Simulation (Q2); Statistics and Probability (Q2); Statistics, Probability and Uncertainty (Q3)";"Decision Sciences; Mathematics"
131;28893;"Canadian Journal of Statistics";journal;"03195724, 1708945X";0,508;Q2;56;92;168;3175;165;160;0,98;34,51;28,26;0;11;United States;Northern America;"Wiley-Blackwell";"1973-2023";"Statistics and Probability (Q2); Statistics, Probability and Uncertainty (Q3)";"Decision Sciences; Mathematics"
132;12600154783;"Networks and Heterogeneous Media";journal;"1556181X, 15561801";0,502;Q2;40;79;91;2842;117;89;1,26;35,97;36,63;0;4;United States;Northern America;"American Institute of Mathematical Sciences";"2007-2023";"Applied Mathematics (Q2); Engineering (miscellaneous) (Q2); Statistics and Probability (Q2); Computer Science Applications (Q3)";"Computer Science; Engineering; Mathematics"
133;21100204917;"Statistics Education Research Journal";journal;"15701824";0,490;Q3;19;31;83;1324;92;74;1,26;42,71;59,02;0;3;New Zealand;Pacific Region;"International Association for Statistical Education (IASE)";"2011-2023";"Education (Q2); Statistics and Probability (Q3)";"Mathematics; Social Sciences"
134;29978;"Stat";journal;"20491573";0,486;Q3;22;116;257;3583;217;257;0,59;30,89;32,40;0;14;United Kingdom;Western Europe;"Wiley-Blackwell Publishing Ltd";"2012-2023";"Statistics and Probability (Q3); Statistics, Probability and Uncertainty (Q3)";"Decision Sciences; Mathematics"
135;19400158517;"Statistics in Biosciences";journal;"18671764, 18671772";0,485;Q3;20;67;87;2464;84;83;1,07;36,78;42,20;0;15;United States;Northern America;"Springer New York";"2009-2023";"Biochemistry, Genetics and Molecular Biology (miscellaneous) (Q2); Statistics and Probability (Q3)";"Biochemistry, Genetics and Molecular Biology; Mathematics"
136;21101066160;"Mathematical Sciences";journal;"22517456, 20081359";0,482;Q3;24;60;134;2105;286;134;2,01;35,08;37,61;0;3;Germany;Western Europe;"Springer Nature";"2012-2023";"Analysis (Q2); Applied Mathematics (Q2); Information Systems (Q2); Numerical Analysis (Q2); Computer Science Applications (Q3); Signal Processing (Q3); Statistics and Probability (Q3)";"Computer Science; Mathematics"
137;11800154594;"AStA Advances in Statistical Analysis";journal;"1863818X, 18638171";0,480;Q3;33;49;85;1898;121;84;1,17;38,73;23,02;1;8;Germany;Western Europe;"Springer Verlag";"2008-2023";"Analysis (Q2); Applied Mathematics (Q2); Economics and Econometrics (Q2); Modeling and Simulation (Q2); Social Sciences (miscellaneous) (Q2); Statistics and Probability (Q3)";"Economics, Econometrics and Finance; Mathematics; Social Sciences"
138;21100898991;"Modern Stochastics: Theory and Applications";journal;"23516046, 23516054";0,480;Q3;7;20;65;555;59;65;0,76;27,75;9,38;0;0;Lithuania;Eastern Europe;"VTeX";"2018-2023";"Modeling and Simulation (Q2); Statistics and Probability (Q3); Statistics, Probability and Uncertainty (Q3)";"Decision Sciences; Mathematics"
139;21100200822;"Pakistan Journal of Statistics and Operation Research";journal;"22205810, 18162711";0,473;Q3;25;40;208;1173;361;208;1,60;29,33;24,66;0;1;Pakistan;Asiatic Region;"College of Statistical and Actuarial Sciences, University of Punjab";"2011-2023";"Modeling and Simulation (Q2); Management Science and Operations Research (Q3); Statistics and Probability (Q3); Statistics, Probability and Uncertainty (Q3)";"Decision Sciences; Mathematics"
140;14844;"Survey Methodology";journal;"14920921, 07140045";0,460;Q3;24;28;49;760;39;48;0,68;27,14;36,54;0;1;Canada;Northern America;"Statistics Canada";"1987-1988, 1992, 2008-2023";"Modeling and Simulation (Q2); Statistics and Probability (Q3)";"Mathematics"
141;14054;"SORT";journal;"16962281, 20138830";0,452;Q3;25;12;20;804;43;20;0,91;67,00;41,86;0;1;Spain;Western Europe;"Institut d'Estadistica de Catalunya";"2003-2021, 2023";"Management Science and Operations Research (Q3); Statistics and Probability (Q3); Statistics, Probability and Uncertainty (Q3)";"Decision Sciences; Mathematics"
142;21100901158;"EURO Journal on Decision Processes";journal;"21939446, 21939438";0,450;Q3;19;13;28;759;78;28;3,47;58,38;26,47;0;3;Germany;Western Europe;"Elsevier B.V.";"2013-2023";"Applied Mathematics (Q2); Business, Management and Accounting (miscellaneous) (Q2); Computational Mathematics (Q3); Decision Sciences (miscellaneous) (Q3); Statistics and Probability (Q3)";"Business, Management and Accounting; Decision Sciences; Mathematics"
143;14794;"Statistics and Probability Letters";journal;"01677152";0,448;Q3;73;160;658;2769;628;658;1,09;17,31;22,45;0;2;Netherlands;Western Europe;"Elsevier B.V.";"1982-2024";"Statistics and Probability (Q3); Statistics, Probability and Uncertainty (Q3)";"Decision Sciences; Mathematics"
144;28921;"Communications in Statistics - Theory and Methods";journal;"1532415X, 03610926";0,446;Q3;71;769;1323;20349;1536;1316;1,08;26,46;33,42;1;38;United States;Northern America;"Taylor and Francis Ltd.";"1976-2023";"Statistics and Probability (Q3)";"Mathematics"
145;21101057377;"Advanced Mathematical Models and Applications";journal;"25194445";0,445;Q3;8;42;59;1126;94;59;1,59;26,81;30,19;0;7;Azerbaijan;Eastern Europe;"Jomard Publishing";"2019, 2021-2023";"Applied Mathematics (Q2); Numerical Analysis (Q2); Computational Mathematics (Q3); Control and Optimization (Q3); Modeling and Simulation (Q3); Statistics and Probability (Q3)";"Mathematics"
146;21101162998;"Journal of Classical Analysis";journal;"18485987";0,441;Q3;5;20;63;478;44;63;0,69;23,90;25,71;0;0;Croatia;Eastern Europe;"Ele-Math";"2019-2023";"Analysis (Q3); Statistics and Probability (Q3)";"Mathematics"
147;23526;"Communications in Statistics Part B: Simulation and Computation";journal;"15324141, 03610918";0,440;Q3;55;564;1122;16867;1345;1116;1,12;29,91;31,19;1;30;United States;Northern America;"Taylor and Francis Ltd.";"1976-2023";"Modeling and Simulation (Q3); Statistics and Probability (Q3)";"Mathematics"
148;12120;"Journal of Nonparametric Statistics";journal;"10290311, 10485252";0,440;Q3;44;70;108;2269;136;106;1,07;32,41;30,32;0;4;United Kingdom;Western Europe;"Taylor and Francis Ltd.";"1991-2023";"Statistics and Probability (Q3); Statistics, Probability and Uncertainty (Q3)";"Decision Sciences; Mathematics"
149;21100855990;"Journal of Dynamics and Games";journal;"21646074";0,439;Q3;11;23;78;598;101;77;1,39;26,00;26,53;0;7;United States;Northern America;"American Institute of Mathematical Sciences";"2014-2022";"Applied Mathematics (Q3); Modeling and Simulation (Q3); Statistics and Probability (Q3)";"Mathematics"
150;21100981084;"European Journal of Pure and Applied Mathematics";journal;"13075543";0,436;Q3;11;195;361;3775;369;360;1,09;19,36;31,70;0;9;United States;Northern America;"New York Business Global";"2019-2023";"Algebra and Number Theory (Q3); Applied Mathematics (Q3); Geometry and Topology (Q3); Numerical Analysis (Q3); Statistics and Probability (Q3); Theoretical Computer Science (Q3)";"Mathematics"
151;15810;"Probability in the Engineering and Informational Sciences";journal;"02699648, 14698951";0,434;Q3;41;44;155;1435;182;155;1,02;32,61;25,00;0;2;United Kingdom;Western Europe;"Cambridge University Press";"1987-2023";"Industrial and Manufacturing Engineering (Q2); Management Science and Operations Research (Q3); Statistics and Probability (Q3); Statistics, Probability and Uncertainty (Q3)";"Decision Sciences; Engineering; Mathematics"
152;144816;"Methodology and Computing in Applied Probability";journal;"13875841";0,430;Q3;35;94;282;2928;299;279;1,14;31,15;28,71;0;6;Netherlands;Western Europe;"Springer Netherlands";"2004-2023";"Mathematics (miscellaneous) (Q2); Statistics and Probability (Q3)";"Mathematics"
153;14785;"Statistics";journal;"02331888, 10294910";0,427;Q3;39;68;193;2141;174;192;0,84;31,49;31,37;0;1;United Kingdom;Western Europe;"Taylor and Francis Ltd.";"1985-2023";"Statistics and Probability (Q3); Statistics, Probability and Uncertainty (Q3)";"Decision Sciences; Mathematics"
154;144935;"Statistical Modelling";journal;"1471082X";0,426;Q3;50;39;90;1353;97;84;1,14;34,69;29,73;0;9;United Kingdom;Western Europe;"SAGE Publications Ltd";"2001-2023";"Statistics and Probability (Q3); Statistics, Probability and Uncertainty (Q3)";"Decision Sciences; Mathematics"
155;39594;"Stochastics";journal;"17442516, 17442508";0,424;Q3;28;78;162;2383;180;162;1,11;30,55;31,25;0;3;Switzerland;Western Europe;"Gordon and Breach Science Publishers";"1975, 1979-1984, 2007-2023";"Modeling and Simulation (Q3); Statistics and Probability (Q3)";"Mathematics"
156;11300153404;"Journal of the Korean Statistical Society";journal;"12263192";0,423;Q3;27;46;180;1462;141;174;0,70;31,78;31,25;0;2;South Korea;Asiatic Region;"Korean Statistical Society";"2008-2023";"Statistics and Probability (Q3)";"Mathematics"
157;23241;"International Journal of Game Theory";journal;"14321270, 00207276";0,422;Q3;48;60;124;1749;103;124;0,77;29,15;15,38;0;2;Germany;Western Europe;"Springer Verlag";"1971, 1973-2023";"Mathematics (miscellaneous) (Q2); Social Sciences (miscellaneous) (Q2); Economics and Econometrics (Q3); Statistics and Probability (Q3); Statistics, Probability and Uncertainty (Q3)";"Decision Sciences; Economics, Econometrics and Finance; Mathematics; Social Sciences"
158;5800173396;"Sequential Analysis";journal;"07474946, 15324176";0,414;Q3;25;23;77;622;64;76;0,70;27,04;23,40;0;1;United States;Northern America;"Taylor and Francis Ltd.";"1984-1995, 2007-2023";"Modeling and Simulation (Q3); Statistics and Probability (Q3)";"Mathematics"
159;145729;"Statistical Methods and Applications";journal;"16182510, 1613981X";0,414;Q3;34;93;167;3888;193;161;1,27;41,81;40,77;0;24;Germany;Western Europe;"";"1996-1997, 2000-2023";"Statistics and Probability (Q3); Statistics, Probability and Uncertainty (Q3)";"Decision Sciences; Mathematics"
160;13794;"BioSystems";journal;"03032647, 18728324";0,410;Q3;83;158;394;9164;775;380;2,10;58,00;25,67;0;21;Ireland;Western Europe;"Elsevier Ireland Ltd";"1967-2023";"Applied Mathematics (Q3); Biochemistry, Genetics and Molecular Biology (miscellaneous) (Q3); Medicine (miscellaneous) (Q3); Modeling and Simulation (Q3); Statistics and Probability (Q3)";"Biochemistry, Genetics and Molecular Biology; Mathematics; Medicine"
161;21100941199;"Statistics and Public Policy";journal;"2330443X";0,405;Q3;15;14;32;412;55;32;1,61;29,43;45,83;0;1;United States;Northern America;"Taylor and Francis Inc.";"2014-2023";"Applied Mathematics (Q3); Public Administration (Q3); Statistics and Probability (Q3); Statistics, Probability and Uncertainty (Q3)";"Decision Sciences; Mathematics; Social Sciences"
162;19900192736;"Brazilian Journal of Probability and Statistics";journal;"01030752";0,404;Q3;22;37;138;1157;126;136;0,57;31,27;19,28;0;1;Brazil;Latin America;"Associacao Brasileira de Estatistica";"2009-2023";"Statistics and Probability (Q3)";"Mathematics"
163;21100209308;"Theory of Probability and Mathematical Statistics";journal;"00949000, 15477363";0,402;Q3;15;17;89;522;60;82;0,35;30,71;27,78;0;1;United States;Northern America;"American Mathematical Society";"2000, 2004-2023";"Statistics and Probability (Q3); Statistics, Probability and Uncertainty (Q3)";"Decision Sciences; Mathematics"
164;13375;"Psicologica";journal;"02112159, 15768597";0,394;Q3;23;9;25;583;29;25;1,08;64,78;42,86;0;0;Spain;Western Europe;"Digital CSIC";"2004-2021";"Arts and Humanities (miscellaneous) (Q2); Developmental and Educational Psychology (Q3); Experimental and Cognitive Psychology (Q3); Psychology (miscellaneous) (Q3); Statistics and Probability (Q3)";"Arts and Humanities; Mathematics; Psychology"
165;145274;"Journal of Statistical Mechanics: Theory and Experiment";journal;"17425468";0,388;Q3;91;194;893;9344;1249;892;1,41;48,16;17,43;0;4;United Kingdom;Western Europe;"IOP Publishing Ltd.";"2004-2023";"Statistical and Nonlinear Physics (Q3); Statistics and Probability (Q3); Statistics, Probability and Uncertainty (Q3)";"Decision Sciences; Mathematics; Physics and Astronomy"
166;21101080473;"Information Geometry";journal;"2511249X, 25112481";0,387;Q3;9;54;41;1987;60;39;1,35;36,80;10,11;0;0;Singapore;Asiatic Region;"Springer Nature";"2018-2023";"Applied Mathematics (Q3); Computational Theory and Mathematics (Q3); Computer Science Applications (Q3); Geometry and Topology (Q3); Statistics and Probability (Q3)";"Computer Science; Mathematics"
167;21100466426;"Communications in Mathematics and Statistics";journal;"21946701, 2194671X";0,381;Q3;16;98;92;3168;104;92;1,24;32,33;34,91;0;4;Germany;Western Europe;"Springer Verlag";"2013-2023";"Applied Mathematics (Q3); Computational Mathematics (Q3); Statistics and Probability (Q3)";"Mathematics"
168;23917;"Journal of Intelligent and Fuzzy Systems";journal;"18758967, 10641246";0,378;Q3;82;1492;3774;61660;7557;3757;2,02;41,33;35,56;0;378;Netherlands;Western Europe;"IOS Press BV";"1993-2023";"Engineering (miscellaneous) (Q2); Artificial Intelligence (Q3); Statistics and Probability (Q3)";"Computer Science; Engineering; Mathematics"
169;21100202933;"Teaching Statistics";journal;"14679639, 0141982X";0,376;Q3;18;31;83;865;89;70;1,41;27,90;44,44;0;6;United States;Northern America;"Wiley-Blackwell";"1979-2023";"Education (Q3); Statistics and Probability (Q3)";"Mathematics; Social Sciences"
170;21101027631;"Journal of Privacy and Confidentiality";journal;"25758527";0,375;Q3;9;11;36;448;58;34;1,58;40,73;34,62;0;2;United States;Northern America;"Cornell University";"2019-2023";"Computer Science (miscellaneous) (Q2); Computer Science Applications (Q3); Statistics and Probability (Q3)";"Computer Science; Mathematics"
171;21100464776;"Statistics, Optimization and Information Computing";journal;"23105070, 2311004X";0,375;Q3;19;74;200;2082;276;200;1,38;28,14;23,39;0;14;United States;Northern America;"International Academic Press";"2013-2023";"Artificial Intelligence (Q3); Computer Vision and Pattern Recognition (Q3); Control and Optimization (Q3); Information Systems (Q3); Signal Processing (Q3); Statistics and Probability (Q3); Statistics, Probability and Uncertainty (Q3)";"Computer Science; Decision Sciences; Mathematics"
172;26924;"Statistical Inference for Stochastic Processes";journal;"13870874";0,363;Q3;22;28;74;1110;43;72;0,51;39,64;22,81;0;1;Netherlands;Western Europe;"Springer Netherlands";"2001, 2005-2023";"Statistics and Probability (Q3)";"Mathematics"
173;21101039083;"Nonautonomous Dynamical Systems";journal;"23530626";0,356;Q3;10;10;63;243;76;63;1,21;24,30;12,50;0;1;Germany;Western Europe;"Walter de Gruyter GmbH";"2014-2023";"Analysis (Q3); Applied Mathematics (Q3); Numerical Analysis (Q3); Statistics and Probability (Q3)";"Mathematics"
174;21100838017;"Sankhya B";journal;"09768394, 09768386";0,356;Q3;13;32;100;1182;90;99;0,88;36,94;27,69;0;4;India;Asiatic Region;"Springer India";"2010-2023";"Applied Mathematics (Q3); Statistics and Probability (Q3); Statistics, Probability and Uncertainty (Q3)";"Decision Sciences; Mathematics"
175;28426;"Australian and New Zealand Journal of Statistics";journal;"1467842X, 13691473";0,344;Q3;46;19;83;669;94;83;1,04;35,21;34,55;0;0;United Kingdom;Western Europe;"Wiley-Blackwell Publishing Ltd";"1998-2023";"Statistics and Probability (Q3); Statistics, Probability and Uncertainty (Q3)";"Decision Sciences; Mathematics"
176;23197;"Infinite Dimensional Analysis, Quantum Probability and Related Topics";journal;"17936306, 02190257";0,343;Q3;33;35;82;845;67;81;0,54;24,14;25,00;0;0;Singapore;Asiatic Region;"World Scientific Publishing Co. Pte Ltd";"1998-2023";"Applied Mathematics (Q3); Mathematical Physics (Q3); Statistical and Nonlinear Physics (Q3); Statistics and Probability (Q3)";"Mathematics; Physics and Astronomy"
177;21100941066;"Frontiers in Applied Mathematics and Statistics";journal;"22974687";0,338;Q3;21;174;289;6913;395;264;1,46;39,73;22,95;0;59;Switzerland;Western Europe;"Frontiers Media SA";"2015-2023";"Applied Mathematics (Q3); Statistics and Probability (Q3)";"Mathematics"
178;21101121584;"Review of Economics and Political Science";journal;"26313561, 23569980";0,338;Q3;10;46;57;2452;129;56;2,59;53,30;40,91;0;27;United Kingdom;Western Europe;"Emerald Publishing";"2018-2023";"Economics, Econometrics and Finance (miscellaneous) (Q2); Political Science and International Relations (Q2); Sociology and Political Science (Q2); Applied Mathematics (Q3); Statistics and Probability (Q3)";"Economics, Econometrics and Finance; Mathematics; Social Sciences"
179;12441;"Open Systems and Information Dynamics";journal;"17937191, 12301612";0,337;Q3;36;25;62;1004;62;58;1,28;40,16;13,46;0;0;Singapore;Asiatic Region;"World Scientific";"1992-1995, 1997-2023";"Computational Mechanics (Q2); Fluid Flow and Transfer Processes (Q3); Information Systems (Q3); Mathematical Physics (Q3); Mechanics of Materials (Q3); Physical and Theoretical Chemistry (Q3); Statistical and Nonlinear Physics (Q3); Statistics and Probability (Q3)";"Chemical Engineering; Chemistry; Computer Science; Engineering; Mathematics; Physics and Astronomy"
180;21101049616;"Japanese Journal of Statistics and Data Science";journal;"25208764";0,336;Q3;7;51;71;1591;78;68;1,11;31,20;14,95;0;3;Germany;Western Europe;"Springer Science and Business Media B.V.";"2019-2023";"Computational Theory and Mathematics (Q3); Statistics and Probability (Q3)";"Computer Science; Mathematics"
181;21101041527;"Chilean Journal of Statistics";journal;"07187912, 07187920";0,334;Q3;5;10;40;272;32;35;0,71;27,20;37,50;0;4;Chile;Latin America;"Chilean Statistical Society";"2019-2023";"Statistics and Probability (Q3)";"Mathematics"
182;12008;"Teruleti Statisztika";journal;"20648251, 00187828";0,333;Q3;13;29;91;1524;120;90;1,59;52,55;31,58;0;16;Hungary;Eastern Europe;"Hungarian Central Statistical Office";"1980, 1982-1983, 1985, 2016-2023";"Cultural Studies (Q1); Geography, Planning and Development (Q2); Economics and Econometrics (Q3); Public Administration (Q3); Statistics and Probability (Q3)";"Economics, Econometrics and Finance; Mathematics; Social Sciences"
183;21101142420;"Journal of the Indian Society for Probability and Statistics";journal;"23649569";0,329;Q3;9;31;70;737;73;70;1,00;23,77;35,85;0;1;Germany;Western Europe;"Springer";"2016-2023";"Statistics and Probability (Q3)";"Mathematics"
184;21100902965;"Measurement";journal;"15366367, 15366359";0,327;Q3;21;17;48;714;46;48;0,66;42,00;32,35;0;1;United Kingdom;Western Europe;"Taylor and Francis Ltd.";"2010-2023";"Applied Mathematics (Q3); Education (Q3); Statistics and Probability (Q3)";"Mathematics; Social Sciences"
185;21100367884;"Statistics and Risk Modeling";journal;"21931402, 21967040";0,324;Q3;21;4;14;113;19;14;1,70;28,25;20,00;0;0;Germany;Western Europe;"Walter de Gruyter GmbH";"1982-2002, 2011-2023";"Modeling and Simulation (Q3); Statistics and Probability (Q3); Statistics, Probability and Uncertainty (Q3)";"Decision Sciences; Mathematics"
186;25957;"ESAIM - Probability and Statistics";journal;"12928100, 12623318";0,321;Q3;30;26;74;910;42;74;0,61;35,00;14,29;0;3;France;Western Europe;"EDP Sciences";"1997-2023";"Statistics and Probability (Q3)";"Mathematics"
187;21100838045;"Sankhya A";journal;"0976836X, 09768378";0,321;Q3;11;74;87;1833;68;86;0,82;24,77;25,93;0;4;India;Asiatic Region;"Springer India";"2010-2023";"Statistics and Probability (Q3); Statistics, Probability and Uncertainty (Q3)";"Decision Sciences; Mathematics"
188;21100843362;"Stochastics and Quality Control";journal;"23672390, 23672404";0,317;Q3;15;9;35;228;26;34;0,54;25,33;21,43;0;1;Germany;Western Europe;"Walter de Gruyter GmbH";"2001-2013, 2017-2023";"Applied Mathematics (Q3); Discrete Mathematics and Combinatorics (Q3); Safety, Risk, Reliability and Quality (Q3); Statistics and Probability (Q3); Statistics, Probability and Uncertainty (Q3)";"Decision Sciences; Engineering; Mathematics"
189;12838;"Metron";journal;"00261424, 2281695X";0,315;Q3;25;25;67;933;68;64;0,98;37,32;43,14;0;3;Italy;Western Europe;"Springer-Verlag Italia s.r.l.";"1973-1974, 1999-2023";"Statistics and Probability (Q3)";"Mathematics"
190;27401;"Theory of Probability and its Applications";journal;"0040585X, 10957219";0,315;Q3;33;43;133;969;64;132;0,41;22,53;18,33;0;0;United States;Northern America;"Society for Industrial and Applied Mathematics Publications";"1996-2023";"Statistics and Probability (Q3); Statistics, Probability and Uncertainty (Q3)";"Decision Sciences; Mathematics"
191;21100201965;"Journal of Statistical Theory and Practice";journal;"15598616, 15598608";0,312;Q3;24;54;225;1647;187;224;0,71;30,50;30,65;1;3;Switzerland;Western Europe;"Springer Nature";"2007-2023";"Statistics and Probability (Q3)";"Mathematics"
192;130128;"Journal of Mathematical Sciences";journal;"10723374, 15738795";0,302;Q3;43;612;1628;11706;609;1623;0,36;19,13;36,47;0;5;United States;Northern America;"Springer Science and Business Media Deutschland GmbH";"1994-2023";"Applied Mathematics (Q3); Mathematics (miscellaneous) (Q3); Statistics and Probability (Q3)";"Mathematics"
193;14345;"Theory in Biosciences";journal;"16117530, 14317613";0,295;Q3;41;27;83;1553;124;81;1,53;57,52;22,39;0;7;Germany;Western Europe;"Springer Verlag";"1997-2023";"Applied Mathematics (Q3); Ecology, Evolution, Behavior and Systematics (Q3); Statistics and Probability (Q3)";"Agricultural and Biological Sciences; Mathematics"
194;21101027245;"Journal of Statistical Theory and Applications";journal;"15387887, 22141766";0,294;Q3;10;16;101;537;127;101;1,30;33,56;20,59;0;2;France;Western Europe;"Springer International Publishing AG";"2019-2023";"Applied Mathematics (Q3); Computer Science Applications (Q3); Statistics and Probability (Q3)";"Computer Science; Mathematics"
195;6000194782;"Games";journal;"20734336";0,289;Q3;22;75;239;2636;228;232;0,73;35,15;25,81;0;11;Switzerland;Western Europe;"Multidisciplinary Digital Publishing Institute (MDPI)";"2010-2023";"Applied Mathematics (Q3); Statistics and Probability (Q3); Statistics, Probability and Uncertainty (Q3)";"Decision Sciences; Mathematics"
196;19400157155;"Hacettepe Journal of Mathematics and Statistics";journal;"2651477X, 13035010";0,288;Q3;36;113;442;3167;357;442;0,72;28,03;31,56;0;1;Turkey;Middle East;"Hacettepe University";"2008-2023";"Analysis (Q3); Geometry and Topology (Q3); Statistics and Probability (Q3); Algebra and Number Theory (Q4)";"Mathematics"
197;21101094914;"Observational Studies";journal;"27673324";0,286;Q3;6;34;60;924;42;48;0,71;27,18;29,58;0;2;United States;Northern America;"University of Pennsylvania Press";"2019-2023";"Applied Mathematics (Q3); Computer Science Applications (Q3); Modeling and Simulation (Q3); Numerical Analysis (Q3); Statistics and Probability (Q3)";"Computer Science; Mathematics"
198;14828;"Stochastic Models";journal;"15326349, 15324214";0,282;Q4;39;52;83;1389;69;82;0,73;26,71;20,95;0;5;United States;Northern America;"Taylor and Francis Ltd.";"2002-2023";"Applied Mathematics (Q3); Modeling and Simulation (Q3); Statistics and Probability (Q4)";"Mathematics"
199;21100923463;"Statistical Theory and Related Fields";journal;"24754277, 24754269";0,281;Q4;8;31;101;744;50;100;0,36;24,00;52,46;0;3;United States;Northern America;"Routledge";"2017-2023";"Analysis (Q3); Applied Mathematics (Q3); Computational Theory and Mathematics (Q3); Statistics and Probability (Q4); Statistics, Probability and Uncertainty (Q4)";"Computer Science; Decision Sciences; Mathematics"
200;21100206801;"Statistics and its Interface";journal;"19387989, 19387997";0,273;Q4;23;46;124;1720;71;124;0,42;37,39;32,11;0;6;United States;Northern America;"International Press of Boston, Inc.";"2011-2023";"Applied Mathematics (Q3); Statistics and Probability (Q4)";"Mathematics"
201;21100854726;"International Journal of Mathematics and Computer Science";journal;"18140432, 18140424";0,272;Q4;13;91;428;1032;245;428;0,53;11,34;34,55;0;2;United States;Northern America;"Badih Ghusayni";"2017-2024";"Applied Mathematics (Q3); Computational Mathematics (Q3); Computer Science (miscellaneous) (Q3); Discrete Mathematics and Combinatorics (Q3); Modeling and Simulation (Q3); Numerical Analysis (Q3); Algebra and Number Theory (Q4); Statistics and Probability (Q4)";"Computer Science; Mathematics"
202;21100407607;"Statistics in Transition";journal;"24500291, 12347655";0,268;Q4;12;77;158;1710;106;153;0,55;22,21;41,50;0;23;Poland;Eastern Europe;"";"2015-2023";"Statistics and Probability (Q4); Statistics, Probability and Uncertainty (Q4)";"Decision Sciences; Mathematics"
203;19700201685;"Revstat Statistical Journal";journal;"21830371, 16456726";0,267;Q4;20;26;104;826;89;101;0,65;31,77;24,14;0;2;Portugal;Western Europe;"Instituto Nacional De Estatistica";"2010-2023";"Statistics and Probability (Q4)";"Mathematics"
204;21100211724;"Intelligent Decision Technologies";journal;"18724981, 18758843";0,266;Q4;19;84;172;3718;211;163;1,00;44,26;42,54;0;18;Netherlands;Western Europe;"IOS Press BV";"2007-2023";"Computer Vision and Pattern Recognition (Q3); Artificial Intelligence (Q4); Human-Computer Interaction (Q4); Software (Q4); Statistics and Probability (Q4); Statistics, Probability and Uncertainty (Q4)";"Computer Science; Decision Sciences; Mathematics"
205;21100834346;"Thailand Statistician";journal;"23510676, 16859057";0,261;Q4;10;58;161;1389;177;160;1,04;23,95;41,18;0;5;Thailand;Asiatic Region;"Thai Statistical Association";"2017-2023";"Computational Mathematics (Q3); Statistics and Probability (Q4)";"Mathematics"
206;11500153507;"Pakistan Journal of Statistics";journal;"10129367";0,260;Q4;21;29;71;720;83;70;1,11;24,83;29,23;0;0;Pakistan;Asiatic Region;"Pakistan Journal of Statistics";"2008-2023";"Statistics and Probability (Q4)";"Mathematics"
207;19900192611;"Probability and Mathematical Statistics";journal;"02084147";0,259;Q4;12;8;58;190;24;58;0,34;23,75;22,73;0;0;Poland;Eastern Europe;"PWN-Polish Scientific Publishers";"2011-2023";"Statistics and Probability (Q4)";"Mathematics"
208;21100886421;"Letters in Biomathematics";journal;"23737867";0,256;Q4;13;17;37;532;51;32;1,91;31,29;43,66;0;10;United States;Northern America;"";"2014-2023";"Applied Mathematics (Q3); Biochemistry, Genetics and Molecular Biology (miscellaneous) (Q3); Statistics and Probability (Q4)";"Biochemistry, Genetics and Molecular Biology; Mathematics"
209;21100199320;"Random Operators and Stochastic Equations";journal;"09266364, 1569397X";0,256;Q4;20;28;66;661;25;66;0,30;23,61;23,91;0;0;Germany;Western Europe;"Walter de Gruyter GmbH";"1993-2023";"Analysis (Q4); Statistics and Probability (Q4)";"Mathematics"
210;21100199332;"Monte Carlo Methods and Applications";journal;"09299629, 15693961";0,253;Q4;27;21;73;617;55;73;0,92;29,38;33,33;0;1;Germany;Western Europe;"Walter de Gruyter GmbH";"1995-2023";"Applied Mathematics (Q4); Statistics and Probability (Q4)";"Mathematics"
211;21101041818;"International Journal of Statistics in Medical Research";journal;"19296029";0,252;Q4;4;34;51;968;26;51;0,58;28,47;51,58;0;16;Canada;Northern America;"Lifescience Global";"2019-2023";"Health Professions (miscellaneous) (Q2); Health Informatics (Q4); Health Information Management (Q4); Statistics and Probability (Q4)";"Health Professions; Mathematics; Medicine"
212;144884;"WSEAS Transactions on Mathematics";journal;"11092769";0,249;Q4;24;93;266;2226;186;266;0,70;23,94;37,21;0;4;Greece;Western Europe;"World Scientific and Engineering Academy and Society";"2005-2014, 2017-2023";"Algebra and Number Theory (Q4); Applied Mathematics (Q4); Computational Mathematics (Q4); Control and Optimization (Q4); Discrete Mathematics and Combinatorics (Q4); Endocrinology, Diabetes and Metabolism (Q4); Management Science and Operations Research (Q4); Statistics and Probability (Q4)";"Decision Sciences; Mathematics; Medicine"
213;21101079608;"Journal of Reliability and Statistical Studies";journal;"09748024, 22295666";0,241;Q4;7;15;76;343;76;75;1,02;22,87;24,32;0;4;Denmark;Western Europe;"River Publishers";"2019-2022";"Analysis (Q4); Numerical Analysis (Q4); Statistics and Probability (Q4)";"Mathematics"
214;21100855508;"Dependence Modeling";journal;"23002298";0,239;Q4;14;14;62;485;39;60;0,62;34,64;10,00;0;0;Poland;Eastern Europe;"Walter de Gruyter GmbH";"2013-2023";"Applied Mathematics (Q4); Modeling and Simulation (Q4); Statistics and Probability (Q4)";"Mathematics"
215;19700175084;"Revista Colombiana de Estadistica";journal;"01201751";0,238;Q4;22;13;57;317;34;52;0,61;24,38;31,82;0;0;Colombia;Latin America;"Universidad Nacional de Colombia";"2001-2023";"Statistics and Probability (Q4)";"Mathematics"
216;21101042317;"Journal of Systems Science and Information";journal;"14789906, 25126660";0,237;Q4;8;42;112;1596;120;110;1,00;38,00;43,64;0;13;China;Asiatic Region;"Science China Press";"2019-2023";"Decision Sciences (miscellaneous) (Q3); Economics, Econometrics and Finance (miscellaneous) (Q3); Applied Mathematics (Q4); Computer Networks and Communications (Q4); Control and Systems Engineering (Q4); Statistics and Probability (Q4)";"Computer Science; Decision Sciences; Economics, Econometrics and Finance; Engineering; Mathematics"
217;21100241760;"Markov Processes and Related Fields";journal;"10242953";0,233;Q4;10;13;93;193;36;88;0,33;14,85;53,33;0;0;Russian Federation;Eastern Europe;"Polymat";"2012-2023";"Applied Mathematics (Q4); Statistics and Probability (Q4)";"Mathematics"
218;21101081515;"Researches in Mathematics";journal;"26645009, 26644991";0,233;Q4;2;16;27;233;16;27;0,68;14,56;33,33;0;0;Ukraine;Eastern Europe;"Oles Honchar Dnipro National University";"2019-2023";"Algebra and Number Theory (Q4); Analysis (Q4); Mathematical Physics (Q4); Statistics and Probability (Q4)";"Mathematics"
219;21100916741;"Journal of Verification, Validation and Uncertainty Quantification";journal;"23772158, 23772166";0,232;Q4;13;10;72;349;48;69;0,60;34,90;10,34;0;1;United States;Northern America;"The American Society of Mechanical Engineers(ASME)";"2016-2023";"Computational Theory and Mathematics (Q4); Computer Science Applications (Q4); Modeling and Simulation (Q4); Statistics and Probability (Q4)";"Computer Science; Mathematics"
220;21100444451;"Austrian Journal of Statistics";journal;"1026597X";0,228;Q4;14;48;90;1462;68;89;0,88;30,46;27,27;0;6;Austria;Western Europe;"Austrian Society for Statistics";"2014-2023";"Applied Mathematics (Q4); Statistics and Probability (Q4); Statistics, Probability and Uncertainty (Q4)";"Decision Sciences; Mathematics"
221;21101021861;"Zhurnal Belorusskogo Gosudarstvennogo Universiteta. Matematika. Informatika";journal;"25206508, 26173956";0,225;Q4;4;26;88;451;26;86;0,31;17,35;29,63;0;2;Belarus;Eastern Europe;"The Belarusian State University";"2017-2023";"Algebra and Number Theory (Q4); Computational Theory and Mathematics (Q4); Discrete Mathematics and Combinatorics (Q4); Statistics and Probability (Q4)";"Computer Science; Mathematics"
222;21100216944;"Electronic Journal of Applied Statistical Analysis";journal;"20705948";0,222;Q4;18;24;97;1111;78;97;0,62;46,29;42,42;0;8;Italy;Western Europe;"ESE - Salento University Publishing";"2008-2023";"Modeling and Simulation (Q4); Statistics and Probability (Q4)";"Mathematics"
223;21101093357;"Statistics, Politics and Policy";journal;"21517509, 21946299";0,220;Q4;11;18;44;704;39;42;0,72;39,11;33,33;0;8;Germany;Western Europe;"Walter de Gruyter GmbH";"2010-2023";"Economics, Econometrics and Finance (miscellaneous) (Q3); Sociology and Political Science (Q3); Statistics and Probability (Q4)";"Economics, Econometrics and Finance; Mathematics; Social Sciences"
224;21100855735;"Communications for Statistical Applications and Methods";journal;"22877843, 23834757";0,212;Q4;10;42;144;1017;84;144;0,61;24,21;35,56;0;5;South Korea;Asiatic Region;"Korean Statistical Society";"2017-2023";"Finance (Q3); Applied Mathematics (Q4); Modeling and Simulation (Q4); Statistics and Probability (Q4); Statistics, Probability and Uncertainty (Q4)";"Decision Sciences; Economics, Econometrics and Finance; Mathematics"
225;21100905277;"Mathematics and Statistics";journal;"23322071, 23322144";0,211;Q4;9;110;350;2303;240;350;0,67;20,94;40,86;0;6;United States;Northern America;"Horizon Research Publishing";"2018-2023";"Economics and Econometrics (Q4); Statistics and Probability (Q4); Statistics, Probability and Uncertainty (Q4)";"Decision Sciences; Economics, Econometrics and Finance; Mathematics"
226;21101119534;"Stats";journal;"2571905X";0,210;Q4;4;81;80;3354;71;80;0,89;41,41;27,66;0;16;Switzerland;Western Europe;"Multidisciplinary Digital Publishing Institute (MDPI)";"2019, 2022-2023";"Statistics and Probability (Q4)";"Mathematics"
227;21100948959;"Communications in Statistics Case Studies Data Analysis and Applications";journal;"23737484";0,208;Q4;8;24;110;782;69;107;0,65;32,58;27,42;0;5;United Kingdom;Western Europe;"Taylor and Francis Ltd.";"2015-2023";"Analysis (Q4); Applied Mathematics (Q4); Statistics and Probability (Q4)";"Mathematics"
228;21100858348;"Croatian Operational Research Review";journal;"18480225, 18489931";0,208;Q4;10;16;56;478;52;56;0,64;29,88;45,95;0;3;Croatia;Eastern Europe;"Croatian Operational Research Society";"2017-2023";"Applied Mathematics (Q4); Economics and Econometrics (Q4); Management Science and Operations Research (Q4); Statistics and Probability (Q4); Statistics, Probability and Uncertainty (Q4)";"Decision Sciences; Economics, Econometrics and Finance; Mathematics"
229;21100871803;"Jordan Journal of Mathematics and Statistics";journal;"20757905, 22275487";0,208;Q4;7;46;154;935;68;154;0,39;20,33;26,15;0;0;Jordan;Middle East;"Yarmouk University";"2018-2023";"Applied Mathematics (Q4); Mathematics (miscellaneous) (Q4); Statistics and Probability (Q4)";"Mathematics"
230;21100893243;"Journal of Risk Management in Financial Institutions";journal;"17528887, 17528895";0,205;Q4;7;37;101;1123;59;88;0,61;30,35;12,50;0;19;United Kingdom;Western Europe;"Henry Stewart Publications";"2018-2023";"Finance (Q4); Statistics and Probability (Q4); Statistics, Probability and Uncertainty (Q4)";"Decision Sciences; Economics, Econometrics and Finance; Mathematics"
231;21100238614;"Journal of Applied Probability and Statistics";journal;"19306792";0,202;Q4;9;8;57;180;37;55;0,54;22,50;10,53;0;1;Pakistan;Asiatic Region;"Islamic Countries Society of Statistical Sciences";"2012-2021";"Podiatry (Q3); Applied Mathematics (Q4); Statistics and Probability (Q4)";"Health Professions; Mathematics"
232;21101021407;"Operations Research and Decisions";journal;"23916060, 20818858";0,202;Q4;5;36;85;1320;77;85;0,83;36,67;35,48;0;5;Poland;Eastern Europe;"Wroclaw University of Science and Technology";"2019-2023";"Management of Technology and Innovation (Q4); Management Science and Operations Research (Q4); Modeling and Simulation (Q4); Statistics and Probability (Q4); Statistics, Probability and Uncertainty (Q4)";"Business, Management and Accounting; Decision Sciences; Mathematics"
233;21100466423;"Global and Stochastic Analysis";journal;"22489444";0,201;Q4;11;19;80;283;49;80;0,74;14,89;42,31;0;1;India;Asiatic Region;"MUK Publications and Distribution";"2014-2023";"Discrete Mathematics and Combinatorics (Q4); Statistics and Probability (Q4)";"Mathematics"
234;19039;"Statistical Applications in Genetics and Molecular Biology";journal;"15446115";0,201;Q4;51;11;39;488;17;39;0,71;44,36;35,00;0;3;Germany;Western Europe;"Walter de Gruyter GmbH";"2004-2023";"Computational Mathematics (Q4); Genetics (Q4); Molecular Biology (Q4); Statistics and Probability (Q4)";"Biochemistry, Genetics and Molecular Biology; Mathematics"
235;21100858129;"International Journal of Applied Metaheuristic Computing";journal;"19478283, 19478291";0,198;Q4;8;2;76;83;76;76;1,00;41,50;25,00;0;0;United States;Northern America;"IGI Global Publishing";"2016, 2018-2023";"Computational Mathematics (Q4); Computational Theory and Mathematics (Q4); Computer Science Applications (Q4); Control and Optimization (Q4); Decision Sciences (miscellaneous) (Q4); Modeling and Simulation (Q4); Statistics and Probability (Q4)";"Computer Science; Decision Sciences; Mathematics"
236;20062;"Economie et Statistique";journal;"17775574, 03361454";0,197;Q4;16;15;59;506;28;56;0,44;33,73;50,00;2;6;France;Western Europe;"Institut National de la Statistique et des Etudes Economiques";"1977-1998, 2007-2023";"Sociology and Political Science (Q3); Economics and Econometrics (Q4); Statistics and Probability (Q4)";"Economics, Econometrics and Finance; Mathematics; Social Sciences"
237;4300151408;"Significance";journal;"17409713, 17409705";0,197;Q4;26;30;257;77;111;56;0,46;2,57;28,57;0;1;United Kingdom;Western Europe;"Oxford University Press";"2004-2022";"Statistics and Probability (Q4)";"Mathematics"
238;21100870373;"Turkish World Mathematical Society Journal of Applied and Engineering Mathematics";journal;"21461147, 25871013";0,197;Q4;11;136;392;3092;198;392;0,45;22,74;24,86;0;5;Turkey;Middle East;"Isik University";"2018-2023";"Applied Mathematics (Q4); Computational Mathematics (Q4); Control and Optimization (Q4); Discrete Mathematics and Combinatorics (Q4); Mathematical Physics (Q4); Numerical Analysis (Q4); Statistics and Probability (Q4)";"Mathematics"
239;21101099585;"Calcutta Statistical Association Bulletin";journal;"00080683, 24566462";0,191;Q4;11;21;30;481;13;30;0,53;22,90;36,36;0;2;India;Asiatic Region;"Sage Publications India Pvt. Ltd";"2002-2003, 2005-2006, 2008, 2011-2012, 2020-2023";"Statistics and Probability (Q4)";"Mathematics"
240;21100200205;"Journal of the Iranian Statistical Society";journal;"17264057";0,188;Q4;10;0;43;0;30;43;0,17;0,00;0,00;0;0;Iran;Middle East;"Iranian Statistical Society";"2011-2022";"Statistics and Probability (Q4)";"Mathematics"
241;7100153149;"Model Assisted Statistics and Applications";journal;"15741699";0,182;Q4;14;32;97;844;50;87;0,48;26,38;22,95;0;9;Netherlands;Western Europe;"IOS Press BV";"2005, 2007-2023";"Applied Mathematics (Q4); Modeling and Simulation (Q4); Statistics and Probability (Q4)";"Mathematics"
242;21100223159;"Investigacion Operacional";journal;"02574306, 22245405";0,178;Q4;16;55;192;1453;138;190;0,84;26,42;34,01;0;11;Cuba;Latin America;"Universidad de La Habana";"2012-2023";"Applied Mathematics (Q4); Numerical Analysis (Q4); Statistics and Probability (Q4)";"Mathematics"
243;21100200410;"Mathematical Methods of Statistics";journal;"19348045, 10665307";0,175;Q4;15;14;26;475;15;26;0,73;33,93;27,27;0;0;United States;Northern America;"Pleiades Publishing";"2007-2023";"Statistics and Probability (Q4); Statistics, Probability and Uncertainty (Q4)";"Decision Sciences; Mathematics"
244;21100890137;"International Journal of Business Continuity and Risk Management";journal;"17582164, 17582172";0,174;Q4;7;20;65;1154;45;64;0,66;57,70;20,41;0;8;Switzerland;Western Europe;"Inderscience";"2016-2023";"Statistics and Probability (Q4); Statistics, Probability and Uncertainty (Q4); Strategy and Management (Q4)";"Business, Management and Accounting; Decision Sciences; Mathematics"
245;144810;"Journal of Modern Applied Statistical Methods";journal;"15389472";0,174;Q4;40;0;32;0;20;32;0,75;0,00;0,00;0;0;United States;Northern America;"Wayne State University";"2002-2021";"Statistics and Probability (Q4); Statistics, Probability and Uncertainty (Q4)";"Decision Sciences; Mathematics"
246;21100218072;"Metodoloski Zvezki";journal;"18540031, 18540023";0,172;Q4;9;0;15;0;7;15;0,57;0,00;0,00;0;0;Slovenia;Eastern Europe;"Faculty of Social Sciences, University of Ljubljana";"2011-2022";"Social Sciences (miscellaneous) (Q3); Statistics and Probability (Q4)";"Mathematics; Social Sciences"
247;21101048555;"Journal of Biostatistics and Epidemiology";journal;"23834196, 2383420X";0,170;Q4;6;18;102;656;54;101;0,56;36,44;49,15;0;11;Iran;Middle East;"Tehran University of Medical Sciences";"2019-2022";"Epidemiology (Q4); Health Informatics (Q4); Public Health, Environmental and Occupational Health (Q4); Statistics and Probability (Q4)";"Mathematics; Medicine"
248;14135;"South African Statistical Journal";journal;"0038271X";0,165;Q4;11;6;30;139;10;30;0,40;23,17;27,27;0;0;South Africa;Africa;"South African Statistical Association";"1996-2023";"Statistics and Probability (Q4); Statistics, Probability and Uncertainty (Q4)";"Decision Sciences; Mathematics"
249;21101028600;"Statistica Applicata";journal;"11251964, 20385587";0,162;Q4;4;11;43;357;12;41;0,43;32,45;20,83;0;0;Italy;Western Europe;"ASA Associazione per la Statistica Applicata";"2019-2023";"Applied Mathematics (Q4); Statistics and Probability (Q4); Statistics, Probability and Uncertainty (Q4)";"Decision Sciences; Mathematics"
250;12007;"Statisztikai Szemle";journal;"00390690";0,162;Q4;4;41;135;1511;37;135;0,25;36,85;30,00;0;16;Hungary;Eastern Europe;"Kozponti Statisztikai Hivatal";"1946, 1948, 1977-1999, 2019-2023";"Social Sciences (miscellaneous) (Q3); Applied Mathematics (Q4); Demography (Q4); Economics and Econometrics (Q4); Statistics and Probability (Q4)";"Economics, Econometrics and Finance; Mathematics; Social Sciences"
251;21100898973;"Journal of Statistics Applications and Probability";journal;"20908423, 20908431";0,154;Q4;13;124;232;3281;157;232;0,55;26,46;30,38;0;36;United States;Northern America;"Natural Sciences Publishing";"2018-2024";"Library and Information Sciences (Q3); Statistical and Nonlinear Physics (Q4); Statistics and Probability (Q4); Statistics, Probability and Uncertainty (Q4)";"Decision Sciences; Mathematics; Physics and Astronomy; Social Sciences"
252;21100890652;"British Actuarial Journal";journal;"13573217, 20440456";0,133;Q4;6;11;61;173;19;48;0,26;15,73;33,33;0;0;United Kingdom;Western Europe;"Cambridge University Press";"2018-2023";"Economics and Econometrics (Q4); Statistics and Probability (Q4); Statistics, Probability and Uncertainty (Q4)";"Decision Sciences; Economics, Econometrics and Finance; Mathematics"
253;21100312404;"Theory of Stochastic Processes";journal;"03213900";0,133;Q4;7;5;19;51;4;19;0,00;10,20;50,00;0;1;Ukraine;Eastern Europe;"Institute of Mathematics, Ukrainian National Academy of Sciences";"2011-2012, 2014-2022";"Applied Mathematics (Q4); Modeling and Simulation (Q4); Statistics and Probability (Q4)";"Mathematics"
254;20300195019;"Risk and Decision Analysis";journal;"18759173, 15697371";0,132;Q4;10;7;9;179;6;9;0,00;25,57;26,32;0;0;Netherlands;Western Europe;"IOS Press";"2009-2014, 2016-2018, 2020-2021";"Economics and Econometrics (Q4); Finance (Q4); Statistics and Probability (Q4); Statistics, Probability and Uncertainty (Q4)";"Decision Sciences; Economics, Econometrics and Finance; Mathematics"
255;21101154818;"Neuro-Fuzzy Modeling Techniques in Economics";journal;"24153516, 23063289";0,129;Q4;4;0;13;0;14;13;1,08;0,00;0,00;0;0;Ukraine;Eastern Europe;"Vadym Hetman Kyiv National University of Economics";"2019, 2021-2022";"Applied Mathematics (Q4); Economics, Econometrics and Finance (miscellaneous) (Q4); Management Science and Operations Research (Q4); Statistics and Probability (Q4); Statistics, Probability and Uncertainty (Q4)";"Decision Sciences; Economics, Econometrics and Finance; Mathematics"
256;21100837464;"Central European Journal of Economic Modelling and Econometrics";journal;"2080119X, 20800886";0,126;Q4;6;9;46;289;19;46;0,48;32,11;46,67;0;7;Poland;Eastern Europe;"Polish Academy of Sciencies-Lodz Branch";"2017-2023";"Applied Mathematics (Q4); Economics and Econometrics (Q4); Statistics and Probability (Q4)";"Economics, Econometrics and Finance; Mathematics"
257;21101023183;"Revista Brasileira de Biometria";journal;"19830823";0,125;Q4;5;0;65;0;19;64;0,27;0,00;0,00;0;0;Brazil;Latin America;"";"2019-2023";"Agricultural and Biological Sciences (miscellaneous) (Q4); Applied Mathematics (Q4); Epidemiology (Q4); Public Health, Environmental and Occupational Health (Q4); Statistics and Probability (Q4)";"Agricultural and Biological Sciences; Mathematics; Medicine"
258;7200153128;"Zeitschrift fur Evaluation";journal;"16195515";0,124;Q4;7;21;76;569;16;48;0,24;27,10;51,72;0;4;Germany;Western Europe;"Waxmann Verlag GmbH";"2006-2013, 2015-2023";"Applied Psychology (Q4); Communication (Q4); Education (Q4); Social Sciences (miscellaneous) (Q4); Statistics and Probability (Q4); Strategy and Management (Q4)";"Business, Management and Accounting; Mathematics; Psychology; Social Sciences"
259;200147130;"Sankhya: The Indian Journal of Statistics";journal;"09727671";0,122;Q4;20;0;34;0;10;34;0,47;0,00;0,00;0;0;India;Asiatic Region;"Indian Statistical Institute";"2005-2022";"Statistics and Probability (Q4); Statistics, Probability and Uncertainty (Q4)";"Decision Sciences; Mathematics"
260;21100445641;"Philippine Statistician";journal;"20940343";0,120;Q4;2;0;32;0;7;30;0,30;0,00;0,00;0;0;Philippines;Asiatic Region;"Mathematical and Research Society";"2015-2022";"Statistics and Probability (Q4)";"Mathematics"
261;27928;"Utilitas Mathematica";journal;"03153681";0,112;Q4;32;0;82;0;13;82;0,07;0,00;0,00;0;0;Canada;Northern America;"Utilitas Mathematica Publishing Inc.";"1996-2014, 2016-2023";"Applied Mathematics (Q4); Statistics and Probability (Q4); Statistics, Probability and Uncertainty (Q4)";"Decision Sciences; Mathematics"
262;21100851482;"Statistica e Applicazioni";journal;"18246672, 22836659";0,106;Q4;11;0;10;0;1;8;0,00;0,00;0,00;0;0;Italy;Western Europe;"Vita e Pensiero";"2003-2022";"Statistical and Nonlinear Physics (Q4); Statistics and Probability (Q4); Statistics, Probability and Uncertainty (Q4)";"Decision Sciences; Mathematics; Physics and Astronomy"
263;21101176852;"Journal of Statistical Research";journal;"0256422X";0,104;Q4;1;0;43;0;3;43;0,10;0,00;0,00;0;0;Bangladesh;Asiatic Region;"Institute of Statistical Research and Training (ISRT), University of Dhaka";"2019-2022";"Demography (Q4); Modeling and Simulation (Q4); Social Sciences (miscellaneous) (Q4); Statistics and Probability (Q4)";"Mathematics; Social Sciences"
264;21101151614;"Stochastic Modelling and Computational Sciences (discontinued)";journal;"27523829";;-;1;10;20;330;0;20;0,00;33,00;25,00;0;0;United Kingdom;Western Europe;"Roman Science Publications and Distributions";"2021-2023";"Computer Science (miscellaneous); Modeling and Simulation; Statistics and Probability; Statistics, Probability and Uncertainty";"Computer Science; Decision Sciences; Mathematics"
